Longueur,Segment,Fréquence,,,longueur,nombre de SR,MaxFreq,Average Freq,TFREQ
9,hom fo de letras e de sen natural E ,2,,,9,1,2,"2,00",2
8,Et aqui son escriutas de las soas canssos ,3,,,8,7,3,"2,29",16
8,Et aqui son escriutas de las soas chanssos ,3,,,7,10,6,"2,40",24
8,de l abadia d Orllac E l abas ,2,,,6,23,4,"2,39",55
8,d Alvernge d un chastel que a nom ,2,,,5,52,7,"2,40",125
8,d amor e de dompnei e de totz ,2,,,4,131,10,"2,66",348
8,hom de letras e de sen natural e ,2,,,3,313,23,"3,17",992
8,pois el se rendet a l orden de ,2,,,2,691,50,"4,59",3174
7,Et aqui son escriutas de las soas ,6,,,,1228,,,
7,de grans bens e de grans mals ,2,,,,,,,
7,de l evescat de Peiregos d un ,2,,,,,,,
7,en trobar et en chantar et en ,2,,,,,,,
7,si fo de Tolosa fills d un ,2,,,,,,,
7,fetz se joglars e trobet bonas chanssos ,2,,,,,,,
7,son escriutas granren de las soas chanssos ,2,,,,,,,
7,amor e de dompnei e de totz ,2,,,,,,,
7,totz temps volia qu il agesson gerra ,2,,,,,,,
7,Alvernge d un chastel que a nom ,2,,,,,,,
6,de letras e de sen natural ,4,,,,,,,
6,d un castel que a nom ,4,,,,,,,
6,si fo de l evescat de ,4,,,,,,,
6,d un chastel que a nom ,3,,,,,,,
6,fo avinens hom de la persona ,3,,,,,,,
6,se rendet a l orden de ,3,,,,,,,
6,e fo fills d un borzes ,2,,,,,,,
6,e lai el definet e moric ,2,,,,,,,
6,en Espaigna ab lo bon rei ,2,,,,,,,
6,d en Guillem de Saint Leidier ,2,,,,,,,
6,d en Raimon de Castel Rossillon ,2,,,,,,,
6,d un borc qe a nom ,2,,,,,,,
6,d un borc que a nom ,2,,,,,,,
6,E fetz se joglars et anet ,2,,,,,,,
6,lo bon comte Raimon de Tolosa ,2,,,,,,,
6,lo mes en arnes et en ,2,,,,,,,
6,lo rei Peire d Aragon e ,2,,,,,,,
6,fetz gran ben e gran honor ,2,,,,,,,
6,se rendet en l orden de ,2,,,,,,,
6,Et el s enamoret d ella ,2,,,,,,,
6,los valens homes e per los ,2,,,,,,,
6,enamoret se de la comtessa de ,2,,,,,,,
6,avinens hom de la persona e ,2,,,,,,,
5,Et aqui son escriutas de ,7,,,,,,,
5,fo de l evescat de ,5,,,,,,,
5,se rendet a l orden ,4,,,,,,,
5,un castel que a nom ,4,,,,,,,
5,avinens hom de la persona ,4,,,,,,,
5,e fetz se joglars e ,3,,,,,,,
5,de l evescat de Peiregos ,3,,,,,,,
5,fetz se joglars et anet ,3,,,,,,,
5,Et enamoret se d una ,3,,,,,,,
5,un chastel que a nom ,3,,,,,,,
5,bon comte Raimon de Tolosa ,3,,,,,,,
5,rei Peire d Aragon e ,3,,,,,,,
5,e bels et avinens e ,2,,,,,,,
5,e bons d armas E ,2,,,,,,,
5,e d en Guillem de ,2,,,,,,,
5,e fo ben honratz entre ,2,,,,,,,
5,e saup ben cantar e ,2,,,,,,,
5,de Cabestaing e la dompna ,2,,,,,,,
5,de Gavaudan d un castel ,2,,,,,,,
5,de la ciutat de Rodes ,2,,,,,,,
5,de lieis maintas bonas chanssos ,2,,,,,,,
5,de lui e de son ,2,,,,,,,
5,en Guillem de Saint Leidier ,2,,,,,,,
5,en Raimon de Castel Rossillon ,2,,,,,,,
5,en la cort del rei ,2,,,,,,,
5,d Aragon et ab lo ,2,,,,,,,
5,d en Bernat d Andusa ,2,,,,,,,
5,d en Bertran de Born ,2,,,,,,,
5,d en Guillem de Cabestaing ,2,,,,,,,
5,d un ric borc que ,2,,,,,,,
5,el s en anet en ,2,,,,,,,
5,E fetz se joglars e ,2,,,,,,,
5,E pois el se rendet ,2,,,,,,,
5,E venc s en a ,2,,,,,,,
5,et ab lo comte de ,2,,,,,,,
5,et anet per cortz e ,2,,,,,,,
5,et anet s en a ,2,,,,,,,
5,et anet s en en ,2,,,,,,,
5,que avia nom ma dompna ,2,,,,,,,
5,l amava per amor e ,2,,,,,,,
5,si fo fills d un ,2,,,,,,,
5,si fo us paubres cavalliers ,2,,,,,,,
5,q es de la seignoria ,2,,,,,,,
5,Et enamoret se de la ,2,,,,,,,
5,del comte de Tolosa e ,2,,,,,,,
5,un borc qe a nom ,2,,,,,,,
5,un borc que a nom ,2,,,,,,,
5,moiller d en Guillem de ,2,,,,,,,
5,joglars et anet per cortz ,2,,,,,,,
5,bon rei n Anfos de ,2,,,,,,,
5,entre las bonas gens e ,2,,,,,,,
5,evescat de Peiregos d un ,2,,,,,,,
4,de l evescat de ,10,,,,,,,
4,de las soas chanssos ,9,,,,,,,
4,Et aqui son escriutas ,9,,,,,,,
4,d en Guillem de ,6,,,,,,,
4,fetz se joglars e ,6,,,,,,,
4,d un castel que ,5,,,,,,,
4,el s en anet ,5,,,,,,,
4,si fo de l ,5,,,,,,,
4,e fetz se joglars ,4,,,,,,,
4,e lai el definet ,4,,,,,,,
4,de la persona e ,4,,,,,,,
4,E fetz se joglars ,4,,,,,,,
4,E venc s en ,4,,,,,,,
4,et anet s en ,4,,,,,,,
4,fo fills d un ,4,,,,,,,
4,a l orden de ,4,,,,,,,
4,Et enamoret se d ,4,,,,,,,
4,ab lo comte de ,4,,,,,,,
4,Raimon de Castel Rossillon ,4,,,,,,,
4,entre las bonas gens ,4,,,,,,,
4,e bons d armas ,3,,,,,,,
4,e bons trobaire e ,3,,,,,,,
4,e de totz los ,3,,,,,,,
4,de Peiregos d un ,3,,,,,,,
4,de la persona E ,3,,,,,,,
4,de lui e de ,3,,,,,,,
4,en trobar et en ,3,,,,,,,
4,d amor e de ,3,,,,,,,
4,d en Bertran de ,3,,,,,,,
4,d un ric borc ,3,,,,,,,
4,el s enamoret d ,3,,,,,,,
4,et anet per cortz ,3,,,,,,,
4,que avia nom ma ,3,,,,,,,
4,si fo d Alvernge ,3,,,,,,,
4,fetz maintas bonas chanssos ,3,,,,,,,
4,se rendet en l ,3,,,,,,,
4,las bonas gens e ,3,,,,,,,
4,los valens homes e ,3,,,,,,,
4,anet per cortz e ,3,,,,,,,
4,anet s en en ,3,,,,,,,
4,pois el se rendet ,3,,,,,,,
4,Guillem de Saint Leidier ,3,,,,,,,
4,enamoret se de la ,3,,,,,,,
4,e de la valor ,2,,,,,,,
4,e fetz de lui ,2,,,,,,,
4,e fo canorgues de ,2,,,,,,,
4,e fo gentils hom ,2,,,,,,,
4,e gen parlans e ,2,,,,,,,
4,e lai el fenic ,2,,,,,,,
4,e lai el moric ,2,,,,,,,
4,e trobet bonas chanssos ,2,,,,,,,
4,e tuich li autre ,2,,,,,,,
4,e venc s en ,2,,,,,,,
4,de Saint Leidier si ,2,,,,,,,
4,de Tolosa et ab ,2,,,,,,,
4,de la dompna e ,2,,,,,,,
4,en Bernat d Andusa ,2,,,,,,,
4,en Bertran de Born ,2,,,,,,,
4,en Guillem de Cabestaing ,2,,,,,,,
4,en la cort de ,2,,,,,,,
4,en pretz et en ,2,,,,,,,
4,d Alvernge e fo ,2,,,,,,,
4,d Alvernge si fo ,2,,,,,,,
4,d amor e totas ,2,,,,,,,
4,d amor per que ,2,,,,,,,
4,d armas e de ,2,,,,,,,
4,d omen del mon ,2,,,,,,,
4,d un castel qe ,2,,,,,,,
4,d un paubre cavallier ,2,,,,,,,
4,d un ric castel ,2,,,,,,,
4,el se crozet e ,2,,,,,,,
4,E fetz de lieis ,2,,,,,,,
4,et enamoret se de ,2,,,,,,,
4,fo d un paubre ,2,,,,,,,
4,fo gentils hom e ,2,,,,,,,
4,fo moiller d en ,2,,,,,,,
4,que ac nom n ,2,,,,,,,
4,l amor qu el ,2,,,,,,,
4,l orden de Granmon ,2,,,,,,,
4,l uns l autre ,2,,,,,,,
4,per lo mon E ,2,,,,,,,
4,per lo sieu bel ,2,,,,,,,
4,per q el fo ,2,,,,,,,
4,per totas las bonas ,2,,,,,,,
4,lo comte de Rodes ,2,,,,,,,
4,lo rei d Aragon ,2,,,,,,,
4,lo vezer e l ,2,,,,,,,
4,si fo de Limozin ,2,,,,,,,
4,si fo de Proenssa ,2,,,,,,,
4,si fo us cavalliers ,2,,,,,,,
4,si fo us gentils ,2,,,,,,,
4,a n Guillem de ,2,,,,,,,
4,q ella li fezes ,2,,,,,,,
4,q era moiller del ,2,,,,,,,
4,Et avenc si q ,2,,,,,,,
4,Et entendet se en ,2,,,,,,,
4,ab cui el estava ,2,,,,,,,
4,ab lo bon rei ,2,,,,,,,
4,ab los valens homes ,2,,,,,,,
4,del Poi Sainta Maria ,2,,,,,,,
4,del castel de Ventedorn ,2,,,,,,,
4,del rei Anfos d ,2,,,,,,,
4,del vescomte de Beders ,2,,,,,,,
4,las bonas dompnas q ,2,,,,,,,
4,las bonas gens E ,2,,,,,,,
4,las soas chanssos d ,2,,,,,,,
4,s en en Proenssa ,2,,,,,,,
4,s en venc a ,2,,,,,,,
4,un ric borc que ,2,,,,,,,
4,bonas chanssos Mas lo ,2,,,,,,,
4,bonas chanssos e bellas ,2,,,,,,,
4,chanssos d en Bernart ,2,,,,,,,
4,mas anc non fo ,2,,,,,,,
4,mas non fo crezut ,2,,,,,,,
4,bons cavalliers d armas ,2,,,,,,,
4,moiller del vescomte de ,2,,,,,,,
4,trobar E fetz de ,2,,,,,,,
4,anet en Espaigna e ,2,,,,,,,
4,estet en la cort ,2,,,,,,,
4,ac de grans bens ,2,,,,,,,
4,ac si se rendet ,2,,,,,,,
4,saup ben trobar e ,2,,,,,,,
4,es de la seignoria ,2,,,,,,,
4,fills d un borges ,2,,,,,,,
4,fills d un mercadier ,2,,,,,,,
4,totas las bonas dompnas ,2,,,,,,,
4,totas las bonas gens ,2,,,,,,,
4,entre la bona gen ,2,,,,,,,
4,sas chanssos d ella ,2,,,,,,,
4,vers E fo mout ,2,,,,,,,
4,entendet se en la ,2,,,,,,,
3,si fo de ,23,,,,,,,
3,de las soas ,14,,,,,,,
3,que a nom ,13,,,,,,,
3,las soas chanssos ,12,,,,,,,
3,de l evescat ,11,,,,,,,
3,que avia nom ,11,,,,,,,
3,fills d un ,10,,,,,,,
3,e lai el ,9,,,,,,,
3,el s en ,9,,,,,,,
3,fetz se joglars ,9,,,,,,,
3,de la persona ,8,,,,,,,
3,d en Guillem ,8,,,,,,,
3,d un castel ,8,,,,,,,
3,las bonas gens ,8,,,,,,,
3,de Castel Rossillon ,7,,,,,,,
3,d armas e ,7,,,,,,,
3,d un ric ,7,,,,,,,
3,si fo us ,7,,,,,,,
3,s en anet ,7,,,,,,,
3,de Saint Leidier ,6,,,,,,,
3,en Guillem de ,6,,,,,,,
3,d amor e ,6,,,,,,,
3,et ab lo ,6,,,,,,,
3,fo de l ,6,,,,,,,
3,l orden de ,6,,,,,,,
3,si fo d ,6,,,,,,,
3,Et enamoret se ,6,,,,,,,
3,del castel de ,6,,,,,,,
3,moiller d en ,6,,,,,,,
3,anet s en ,6,,,,,,,
3,venc s en ,6,,,,,,,
3,e de las ,5,,,,,,,
3,e fetz li ,5,,,,,,,
3,de Tolosa e ,5,,,,,,,
3,de la dompna ,5,,,,,,,
3,d ella e ,5,,,,,,,
3,d un borc ,5,,,,,,,
3,E fetz se ,5,,,,,,,
3,lo comte de ,5,,,,,,,
3,a l orden ,5,,,,,,,
3,del comte de ,5,,,,,,,
3,del vescomte de ,5,,,,,,,
3,un castel que ,5,,,,,,,
3,enamoret se d ,5,,,,,,,
3,e d en ,4,,,,,,,
3,e de la ,4,,,,,,,
3,e de totz ,4,,,,,,,
3,e l plus ,4,,,,,,,
3,e pois en ,4,,,,,,,
3,en la cort ,4,,,,,,,
3,d Aragon e ,4,,,,,,,
3,d amor per ,4,,,,,,,
3,d aquella encontrada ,4,,,,,,,
3,d un paubre ,4,,,,,,,
3,la comtessa de ,4,,,,,,,
3,E pois el ,4,,,,,,,
3,E qand el ,4,,,,,,,
3,fo d un ,4,,,,,,,
3,que ac nom ,4,,,,,,,
3,per cortz e ,4,,,,,,,
3,per lo mon ,4,,,,,,,
3,per totz los ,4,,,,,,,
3,fetz maintas bonas ,4,,,,,,,
3,q el era ,4,,,,,,,
3,q es de ,4,,,,,,,
3,s en a ,4,,,,,,,
3,s en en ,4,,,,,,,
3,ben trobar e ,4,,,,,,,
3,chanssos d ella ,4,,,,,,,
3,qe a nom ,4,,,,,,,
3,los valens homes ,4,,,,,,,
3,anet per cortz ,4,,,,,,,
3,Guillem de Cabestaing ,4,,,,,,,
3,Raimon de Tolosa ,4,,,,,,,
3,totas las bonas ,4,,,,,,,
3,joglars et anet ,4,,,,,,,
3,bon comte Raimon ,4,,,,,,,
3,enamoret se de ,4,,,,,,,
3,« Bertran » ,4,,,,,,,
3,entendet se en ,4,,,,,,,
3,e cortes e ,3,,,,,,,
3,e de grans ,3,,,,,,,
3,e de son ,3,,,,,,,
3,e fetz de ,3,,,,,,,
3,e fetz lo ,3,,,,,,,
3,e gaia e ,3,,,,,,,
3,e l reis ,3,,,,,,,
3,e la dompna ,3,,,,,,,
3,e per lo ,3,,,,,,,
3,e saup ben ,3,,,,,,,
3,de grans bens ,3,,,,,,,
3,de la comtessa ,3,,,,,,,
3,en Bertran de ,3,,,,,,,
3,en la nau ,3,,,,,,,
3,d Alvernge e ,3,,,,,,,
3,d Alvernge si ,3,,,,,,,
3,d aqellas encontradas ,3,,,,,,,
3,d armas E ,3,,,,,,,
3,d en Bernart ,3,,,,,,,
3,d en Raimon ,3,,,,,,,
3,la bona gen ,3,,,,,,,
3,la cort del ,3,,,,,,,
3,la dompna e ,3,,,,,,,
3,E fetz de ,3,,,,,,,
3,E fo mout ,3,,,,,,,
3,et enamoret se ,3,,,,,,,
3,fo gentils hom ,3,,,,,,,
3,per q el ,3,,,,,,,
3,per totas las ,3,,,,,,,
3,lo sieu seignor ,3,,,,,,,
3,si fo uns ,3,,,,,,,
3,fetz de lui ,3,,,,,,,
3,q ella li ,3,,,,,,,
3,q era moiller ,3,,,,,,,
3,se en la ,3,,,,,,,
3,Et el s ,3,,,,,,,
3,ab lo bon ,3,,,,,,,
3,del mon e ,3,,,,,,,
3,las bonas dompnas ,3,,,,,,,
3,s en venc ,3,,,,,,,
3,un ric borc ,3,,,,,,,
3,era moiller del ,3,,,,,,,
3,ben letras e ,3,,,,,,,
3,bonas chanssos e ,3,,,,,,,
3,hom fo e ,3,,,,,,,
3,non fo crezut ,3,,,,,,,
3,una gentil dompna ,3,,,,,,,
3,gran honor e ,3,,,,,,,
3,amor e de ,3,,,,,,,
3,moiller del vescomte ,3,,,,,,,
3,grans bens e ,3,,,,,,,
3,cavalliers fo e ,3,,,,,,,
3,ac de grans ,3,,,,,,,
3,tant q el ,3,,,,,,,
3,comte de Tolosa ,3,,,,,,,
3,evescat de Peiregos ,3,,,,,,,
3,gen parlans e ,3,,,,,,,
3,e bella e ,2,,,,,,,
3,e cavals e ,2,,,,,,,
3,e d amor ,2,,,,,,,
3,e d onor ,2,,,,,,,
3,e de gran ,2,,,,,,,
3,e de ser ,2,,,,,,,
3,e fasia se ,2,,,,,,,
3,e fetz bonas ,2,,,,,,,
3,e fetz chanssos ,2,,,,,,,
3,e fetz mout ,2,,,,,,,
3,e fo mout ,2,,,,,,,
3,e il fetz ,2,,,,,,,
3,e mes se ,2,,,,,,,
3,e pois el ,2,,,,,,,
3,e pois la ,2,,,,,,,
3,e seigner de ,2,,,,,,,
3,e sirventes e ,2,,,,,,,
3,e tolc li ,2,,,,,,,
3,de Normandia e ,2,,,,,,,
3,de Peiregos et ,2,,,,,,,
3,de Rossillon que ,2,,,,,,,
3,de Sain Circ ,2,,,,,,,
3,de Ventedorn si ,2,,,,,,,
3,de gran valor ,2,,,,,,,
3,de l eveschat ,2,,,,,,,
3,de la cort ,2,,,,,,,
3,de la seror ,2,,,,,,,
3,de la terra ,2,,,,,,,
3,de lui que ,2,,,,,,,
3,de miser Aicelin ,2,,,,,,,
3,en Cataloigna et ,2,,,,,,,
3,en anet en ,2,,,,,,,
3,en cort e ,2,,,,,,,
3,en en Proenssa ,2,,,,,,,
3,en gran pretz ,2,,,,,,,
3,en la testa ,2,,,,,,,
3,en sa cort ,2,,,,,,,
3,en sas chanssos ,2,,,,,,,
3,en venc a ,2,,,,,,,
3,d arnes e ,2,,,,,,,
3,d aver e ,2,,,,,,,
3,d ella Et ,2,,,,,,,
3,el n ac ,2,,,,,,,
3,la dompna Mout ,2,,,,,,,
3,la dompna s ,2,,,,,,,
3,la mongia e ,2,,,,,,,
3,la seror e ,2,,,,,,,
3,la terra del ,2,,,,,,,
3,E det li ,2,,,,,,,
3,E fo bons ,2,,,,,,,
3,E fon dich ,2,,,,,,,
3,E l Dalfins ,2,,,,,,,
3,E l abas ,2,,,,,,,
3,E l coms ,2,,,,,,,
3,E la comtessa ,2,,,,,,,
3,E lai el ,2,,,,,,,
3,E per la ,2,,,,,,,
3,E puois el ,2,,,,,,,
3,E qand ella ,2,,,,,,,
3,E qand lo ,2,,,,,,,
3,E saup ben ,2,,,,,,,
3,et ab las ,2,,,,,,,
3,et alegressa e ,2,,,,,,,
3,et aucis lo ,2,,,,,,,
3,et el li ,2,,,,,,,
3,et el se ,2,,,,,,,
3,et en gran ,2,,,,,,,
3,et en honor ,2,,,,,,,
3,et en la ,2,,,,,,,
3,et en raubas ,2,,,,,,,
3,et enseignatz e ,2,,,,,,,
3,et estet en ,2,,,,,,,
3,fo de la ,2,,,,,,,
3,fo destruitz e ,2,,,,,,,
3,que vos avetz ,2,,,,,,,
3,l Dalfins si ,2,,,,,,,
3,l an en ,2,,,,,,,
3,per la dolor ,2,,,,,,,
3,per lo bon ,2,,,,,,,
3,per lo rei ,2,,,,,,,
3,per los valens ,2,,,,,,,
3,per moiller e ,2,,,,,,,
3,per so el ,2,,,,,,,
3,per so qe ,2,,,,,,,
3,per son cavallier ,2,,,,,,,
3,per tristessa de ,2,,,,,,,
3,per volontat de ,2,,,,,,,
3,per voluntat de ,2,,,,,,,
3,si avia nom ,2,,,,,,,
3,si se rendet ,2,,,,,,,
3,a la dompna ,2,,,,,,,
3,a n Raimon ,2,,,,,,,
3,fetz de bonas ,2,,,,,,,
3,fetz moutas bonas ,2,,,,,,,
3,q el crezia ,2,,,,,,,
3,q el fetz ,2,,,,,,,
3,q el l ,2,,,,,,,
3,q el li ,2,,,,,,,
3,q el n ,2,,,,,,,
3,q ieu vos ,2,,,,,,,
3,se d en ,2,,,,,,,
3,Et adoncs el ,2,,,,,,,
3,Et amet una ,2,,,,,,,
3,Et estet ab ,2,,,,,,,
3,Et estet en ,2,,,,,,,
3,ab Raimon Folc ,2,,,,,,,
3,ab lo rei ,2,,,,,,,
3,ab se lonc ,2,,,,,,,
3,li gran honor ,2,,,,,,,
3,del mon E ,2,,,,,,,
3,ella li fezes ,2,,,,,,,
3,ella lo receup ,2,,,,,,,
3,s en ad ,2,,,,,,,
3,s en partic ,2,,,,,,,
3,un castel qe ,2,,,,,,,
3,un paubre cavallier ,2,,,,,,,
3,un ric castel ,2,,,,,,,
3,era gentils e ,2,,,,,,,
3,era joves e ,2,,,,,,,
3,era tengutz per ,2,,,,,,,
3,mout honratz e ,2,,,,,,,
3,ben trobar E ,2,,,,,,,
3,n Guillem de ,2,,,,,,,
3,bonas canssos e ,2,,,,,,,
3,chanssos E la ,2,,,,,,,
3,qe avia nom ,2,,,,,,,
3,son alberc e ,2,,,,,,,
3,lui et el ,2,,,,,,,
3,una nuoich en ,2,,,,,,,
3,mas non fetz ,2,,,,,,,
3,amor e totas ,2,,,,,,,
3,amor per que ,2,,,,,,,
3,amor qu el ,2,,,,,,,
3,moiller de n ,2,,,,,,,
3,trobar e viular ,2,,,,,,,
3,trobar e·l chantar ,2,,,,,,,
3,anet a pe ,2,,,,,,,
3,estet lonc temps ,2,,,,,,,
3,estet longa sazon ,2,,,,,,,
3,il agesson gerra ,2,,,,,,,
3,pois s en ,2,,,,,,,
3,sos precs e ,2,,,,,,,
3,totz los faitz ,2,,,,,,,
3,so que el ,2,,,,,,,
3,En Guillems de ,2,,,,,,,
3,es de l ,2,,,,,,,
3,fills de la ,2,,,,,,,
3,honor e l ,2,,,,,,,
3,us cavalliers de ,2,,,,,,,
3,qand el anava ,2,,,,,,,
3,tot lo sieu ,2,,,,,,,
3,armas e de ,2,,,,,,,
3,gentils e bella ,2,,,,,,,
3,gentils hom d ,2,,,,,,,
3,vos e us ,2,,,,,,,
3,Alvernge e fo ,2,,,,,,,
3,Alvernge si fo ,2,,,,,,,
3,Peire d Alvernge ,2,,,,,,,
3,ad ella e ,2,,,,,,,
3,enamoret d ella ,2,,,,,,,
3,entre lor e ,2,,,,,,,
3,pres per moiller ,2,,,,,,,
3,vescoms s en ,2,,,,,,,
3,aver l emperi ,2,,,,,,,
3,dis q el ,2,,,,,,,
3,eron ab lui ,2,,,,,,,
3,eron estat denan ,2,,,,,,,
3,fazia sas chanssos ,2,,,,,,,
3,paubres cavalliers de ,2,,,,,,,
3,sa moiller E ,2,,,,,,,
3,seigner de lui ,2,,,,,,,
3,uns l autre ,2,,,,,,,
3,ma dompna Conissa ,2,,,,,,,
3,ma dompna Elis ,2,,,,,,,
3,ma dompna n ,2,,,,,,,
3,vezer et entendre ,2,,,,,,,
2,si fo ,50,,,,,,,
2,e de ,47,,,,,,,
2,de la ,43,,,,,,,
2,d un ,41,,,,,,,
2,q el ,36,,,,,,,
2,e l ,32,,,,,,,
2,s en ,32,,,,,,,
2,e fetz ,31,,,,,,,
2,fo de ,30,,,,,,,
2,d en ,26,,,,,,,
2,en la ,24,,,,,,,
2,de l ,21,,,,,,,
2,de las ,20,,,,,,,
2,la dompna ,19,,,,,,,
2,las soas ,19,,,,,,,
2,avia nom ,19,,,,,,,
2,et el ,18,,,,,,,
2,et en ,18,,,,,,,
2,a nom ,18,,,,,,,
2,e fo ,17,,,,,,,
2,e per ,17,,,,,,,
2,d amor ,17,,,,,,,
2,d ella ,16,,,,,,,
2,et ab ,16,,,,,,,
2,que a ,16,,,,,,,
2,e d ,15,,,,,,,
2,E fo ,15,,,,,,,
2,d Alvernge ,14,,,,,,,
2,ab lo ,14,,,,,,,
2,de Tolosa ,13,,,,,,,
2,de lui ,13,,,,,,,
2,el s ,13,,,,,,,
2,per lo ,13,,,,,,,
2,las bonas ,13,,,,,,,
2,e bons ,12,,,,,,,
2,e pois ,12,,,,,,,
2,E qand ,12,,,,,,,
2,Guillem de ,12,,,,,,,
2,e lai ,11,,,,,,,
2,d armas ,11,,,,,,,
2,fills d ,11,,,,,,,
2,lai el ,11,,,,,,,
2,e mout ,10,,,,,,,
2,de lieis ,10,,,,,,,
2,el se ,10,,,,,,,
2,E per ,10,,,,,,,
2,et anet ,10,,,,,,,
2,que el ,10,,,,,,,
2,a la ,10,,,,,,,
2,fetz se ,10,,,,,,,
2,Et el ,10,,,,,,,
2,bonas chanssos ,10,,,,,,,
2,son escriutas ,10,,,,,,,
2,totz los ,10,,,,,,,
2,comte de ,10,,,,,,,
2,aqui son ,10,,,,,,,
2,evescat de ,10,,,,,,,
2,e la ,9,,,,,,,
2,e ls ,9,,,,,,,
2,e saup ,9,,,,,,,
2,de Saint ,9,,,,,,,
2,la comtessa ,9,,,,,,,
2,fo d ,9,,,,,,,
2,q era ,9,,,,,,,
2,un castel ,9,,,,,,,
2,enamoret se ,9,,,,,,,
2,e ben ,8,,,,,,,
2,de grans ,8,,,,,,,
2,en Guillem ,8,,,,,,,
2,E fetz ,8,,,,,,,
2,E fon ,8,,,,,,,
2,fo e ,8,,,,,,,
2,fo us ,8,,,,,,,
2,per la ,8,,,,,,,
2,se rendet ,8,,,,,,,
2,del castel ,8,,,,,,,
2,ella e ,8,,,,,,,
2,ben e ,8,,,,,,,
2,hom de ,8,,,,,,,
2,amor e ,8,,,,,,,
2,qu el ,8,,,,,,,
2,Raimon de ,8,,,,,,,
2,armas e ,8,,,,,,,
2,joglars e ,8,,,,,,,
2,sas chanssos ,8,,,,,,,
2,letras e ,8,,,,,,,
2,ma dompna ,8,,,,,,,
2,e il ,7,,,,,,,
2,e venc ,7,,,,,,,
2,de Cabestaing ,7,,,,,,,
2,de Proenssa ,7,,,,,,,
2,en anet ,7,,,,,,,
2,d Aragon ,7,,,,,,,
2,d una ,7,,,,,,,
2,el era ,7,,,,,,,
2,el fetz ,7,,,,,,,
2,el fo ,7,,,,,,,
2,E l ,7,,,,,,,
2,E pois ,7,,,,,,,
2,et a ,7,,,,,,,
2,et ella ,7,,,,,,,
2,l orden ,7,,,,,,,
2,lo sieu ,7,,,,,,,
2,si l ,7,,,,,,,
2,fetz de ,7,,,,,,,
2,fetz li ,7,,,,,,,
2,q ella ,7,,,,,,,
2,se de ,7,,,,,,,
2,se en ,7,,,,,,,
2,del mon ,7,,,,,,,
2,un ric ,7,,,,,,,
2,moiller d ,7,,,,,,,
2,trobar e ,7,,,,,,,
2,totas las ,7,,,,,,,
2,gentils hom ,7,,,,,,,
2,e n ,6,,,,,,,
2,e sirventes ,6,,,,,,,
2,de Peiregos ,6,,,,,,,
2,de Ventedorn ,6,,,,,,,
2,de sen ,6,,,,,,,
2,el li ,6,,,,,,,
2,la cort ,6,,,,,,,
2,E la ,6,,,,,,,
2,E venc ,6,,,,,,,
2,fo mout ,6,,,,,,,
2,que era ,6,,,,,,,
2,per cortz ,6,,,,,,,
2,lo mon ,6,,,,,,,
2,a n ,6,,,,,,,
2,se d ,6,,,,,,,
2,del rei ,6,,,,,,,
2,del vescomte ,6,,,,,,,
2,ben trobar ,6,,,,,,,
2,chanssos d ,6,,,,,,,
2,hom fo ,6,,,,,,,
2,lui e ,6,,,,,,,
2,gran honor ,6,,,,,,,
2,moiller del ,6,,,,,,,
2,estet ab ,6,,,,,,,
2,estet en ,6,,,,,,,
2,pois el ,6,,,,,,,
2,saup ben ,6,,,,,,,
2,bella e ,6,,,,,,,
2,tuich li ,6,,,,,,,
2,e bella ,5,,,,,,,
2,e fon ,5,,,,,,,
2,de Rodes ,5,,,,,,,
2,de son ,5,,,,,,,
2,de totz ,5,,,,,,,
2,en Bernart ,5,,,,,,,
2,en Espaigna ,5,,,,,,,
2,en Proenssa ,5,,,,,,,
2,en en ,5,,,,,,,
2,en l ,5,,,,,,,
2,d aquella ,5,,,,,,,
2,d aver ,5,,,,,,,
2,la soa ,5,,,,,,,
2,la testa ,5,,,,,,,
2,E puois ,5,,,,,,,
2,E si ,5,,,,,,,
2,fo faitz ,5,,,,,,,
2,fo fills ,5,,,,,,,
2,fo uns ,5,,,,,,,
2,que ac ,5,,,,,,,
2,que fon ,5,,,,,,,
2,que non ,5,,,,,,,
2,que vos ,5,,,,,,,
2,per amor ,5,,,,,,,
2,per que ,5,,,,,,,
2,per so ,5,,,,,,,
2,per totz ,5,,,,,,,
2,lo bon ,5,,,,,,,
2,lo rei ,5,,,,,,,
2,si fetz ,5,,,,,,,
2,q es ,5,,,,,,,
2,Et ella ,5,,,,,,,
2,Et estet ,5,,,,,,,
2,un borc ,5,,,,,,,
2,dompna e ,5,,,,,,,
2,qe a ,5,,,,,,,
2,qe l ,5,,,,,,,
2,los valens ,5,,,,,,,
2,non fo ,5,,,,,,,
2,bons trobaire ,5,,,,,,,
2,anet per ,5,,,,,,,
2,grans bens ,5,,,,,,,
2,pois en ,5,,,,,,,
2,cavalliers de ,5,,,,,,,
2,ac nom ,5,,,,,,,
2,so que ,5,,,,,,,
2,es de ,5,,,,,,,
2,honor e ,5,,,,,,,
2,mon e ,5,,,,,,,
2,qand el ,5,,,,,,,
2,comte Raimon ,5,,,,,,,
2,joglars et ,5,,,,,,,
2,Peire d ,5,,,,,,,
2,vescoms de ,5,,,,,,,
2,paubres cavalliers ,5,,,,,,,
2,seigner de ,5,,,,,,,
2,valens homes ,5,,,,,,,
2,comtessa de ,5,,,,,,,
2,entendet se ,5,,,,,,,
2,e bels ,4,,,,,,,
2,e cantava ,4,,,,,,,
2,e del ,4,,,,,,,
2,e grans ,4,,,,,,,
2,e las ,4,,,,,,,
2,e totas ,4,,,,,,,
2,e us ,4,,,,,,,
2,de ser ,4,,,,,,,
2,en a ,4,,,,,,,
2,en gran ,4,,,,,,,
2,d Englaterra ,4,,,,,,,
2,d Orllac ,4,,,,,,,
2,d onor ,4,,,,,,,
2,el avia ,4,,,,,,,
2,el moric ,4,,,,,,,
2,la terra ,4,,,,,,,
2,E n ,4,,,,,,,
2,E qan ,4,,,,,,,
2,et estet ,4,,,,,,,
2,que anc ,4,,,,,,,
2,que es ,4,,,,,,,
2,que l ,4,,,,,,,
2,l plus ,4,,,,,,,
2,l uns ,4,,,,,,,
2,per los ,4,,,,,,,
2,per moiller ,4,,,,,,,
2,per son ,4,,,,,,,
2,lo vescoms ,4,,,,,,,
2,si avia ,4,,,,,,,
2,fetz lo ,4,,,,,,,
2,q ieu ,4,,,,,,,
2,se e ,4,,,,,,,
2,ab lui ,4,,,,,,,
2,ab se ,4,,,,,,,
2,ella lo ,4,,,,,,,
2,s enamoret ,4,,,,,,,
2,un paubre ,4,,,,,,,
2,era moiller ,4,,,,,,,
2,chanssos E ,4,,,,,,,
2,chanssos e ,4,,,,,,,
2,hom e ,4,,,,,,,
2,qe il ,4,,,,,,,
2,mas non ,4,,,,,,,
2,amor per ,4,,,,,,,
2,trobar E ,4,,,,,,,
2,anet en ,4,,,,,,,
2,venc a ,4,,,,,,,
2,estet e ,4,,,,,,,
2,cavalliers d ,4,,,,,,,
2,cavalliers fo ,4,,,,,,,
2,ac de ,4,,,,,,,
2,totz temps ,4,,,,,,,
2,mon E ,4,,,,,,,
2,us cavalliers ,4,,,,,,,
2,tot lo ,4,,,,,,,
2,armas E ,4,,,,,,,
2,don el ,4,,,,,,,
2,gentils e ,4,,,,,,,
2,Mout fo ,4,,,,,,,
2,avinens e ,4,,,,,,,
2,gen parlans ,4,,,,,,,
2,trobaire e ,4,,,,,,,
2,e bellas ,3,,,,,,,
2,e dels ,3,,,,,,,
2,e gen ,3,,,,,,,
2,e gentil ,3,,,,,,,
2,e gran ,3,,,,,,,
2,e non ,3,,,,,,,
2,e sabia ,3,,,,,,,
2,e seigner ,3,,,,,,,
2,e tenc ,3,,,,,,,
2,e tolc ,3,,,,,,,
2,e trobet ,3,,,,,,,
2,de Born ,3,,,,,,,
2,de Gascoigna ,3,,,,,,,
2,de Limozin ,3,,,,,,,
2,de Marseilla ,3,,,,,,,
2,de Miraval ,3,,,,,,,
2,de Montaudon ,3,,,,,,,
2,de Normandia ,3,,,,,,,
2,de Pena ,3,,,,,,,
2,de Rossillon ,3,,,,,,,
2,de Sain ,3,,,,,,,
2,de Venecia ,3,,,,,,,
2,de Vianes ,3,,,,,,,
2,de gran ,3,,,,,,,
2,de n ,3,,,,,,,
2,de sa ,3,,,,,,,
2,de trobar ,3,,,,,,,
2,de vos ,3,,,,,,,
2,en Bernartz ,3,,,,,,,
2,en Cataloigna ,3,,,,,,,
2,en Lombardia ,3,,,,,,,
2,en Raimon ,3,,,,,,,
2,en cort ,3,,,,,,,
2,en preison ,3,,,,,,,
2,en sa ,3,,,,,,,
2,en sas ,3,,,,,,,
2,en un ,3,,,,,,,
2,en una ,3,,,,,,,
2,en venc ,3,,,,,,,
2,d Andusa ,3,,,,,,,
2,d Aurenga ,3,,,,,,,
2,d En ,3,,,,,,,
2,d entre ,3,,,,,,,
2,el crezia ,3,,,,,,,
2,el dis ,3,,,,,,,
2,el estava ,3,,,,,,,
2,el l ,3,,,,,,,
2,el lo ,3,,,,,,,
2,el n ,3,,,,,,,
2,el perdet ,3,,,,,,,
2,el si ,3,,,,,,,
2,el venc ,3,,,,,,,
2,la cals ,3,,,,,,,
2,la ciutat ,3,,,,,,,
2,la dolor ,3,,,,,,,
2,la donzella ,3,,,,,,,
2,la seignoria ,3,,,,,,,
2,la seror ,3,,,,,,,
2,E saup ,3,,,,,,,
2,E trobet ,3,,,,,,,
2,et avinens ,3,,,,,,,
2,et enseignatz ,3,,,,,,,
2,fo grans ,3,,,,,,,
2,que ditz ,3,,,,,,,
2,que eron ,3,,,,,,,
2,que fo ,3,,,,,,,
2,que la ,3,,,,,,,
2,que plus ,3,,,,,,,
2,l Dalfins ,3,,,,,,,
2,l abas ,3,,,,,,,
2,l an ,3,,,,,,,
2,l autre ,3,,,,,,,
2,l avia ,3,,,,,,,
2,l reis ,3,,,,,,,
2,per lieis ,3,,,,,,,
2,lo cor ,3,,,,,,,
2,lo fetz ,3,,,,,,,
2,lo mes ,3,,,,,,,
2,si e ,3,,,,,,,
2,si non ,3,,,,,,,
2,si se ,3,,,,,,,
2,a pe ,3,,,,,,,
2,fetz los ,3,,,,,,,
2,fetz mout ,3,,,,,,,
2,q en ,3,,,,,,,
2,Et amet ,3,,,,,,,
2,Et avenc ,3,,,,,,,
2,Et en ,3,,,,,,,
2,ab en ,3,,,,,,,
2,ab las ,3,,,,,,,
2,li fezes ,3,,,,,,,
2,li gran ,3,,,,,,,
2,ella era ,3,,,,,,,
2,ella li ,3,,,,,,,
2,era seigner ,3,,,,,,,
2,mout de ,3,,,,,,,
2,mout gran ,3,,,,,,,
2,nom n ,3,,,,,,,
2,n Anfos ,3,,,,,,,
2,n Ebles ,3,,,,,,,
2,n ac ,3,,,,,,,
2,bonas canssons ,3,,,,,,,
2,bonas coblas ,3,,,,,,,
2,chanssos mas ,3,,,,,,,
2,hom et ,3,,,,,,,
2,qe avia ,3,,,,,,,
2,los sieus ,3,,,,,,,
2,non fetz ,3,,,,,,,
2,son trobar ,3,,,,,,,
2,fon dich ,3,,,,,,,
2,una nuoich ,3,,,,,,,
2,gran ben ,3,,,,,,,
2,mas mout ,3,,,,,,,
2,moiller E ,3,,,,,,,
2,ni que ,3,,,,,,,
2,anet a ,3,,,,,,,
2,il fetz ,3,,,,,,,
2,cavalliers e ,3,,,,,,,
2,temps per ,3,,,,,,,
2,qu era ,3,,,,,,,
2,totz sos ,3,,,,,,,
2,so el ,3,,,,,,,
2,En Guillems ,3,,,,,,,
2,fills de ,3,,,,,,,
2,Raimon Folc ,3,,,,,,,
2,tot qant ,3,,,,,,,
2,tot so ,3,,,,,,,
2,totas vetz ,3,,,,,,,
2,Alvernge e ,3,,,,,,,
2,Alvernge si ,3,,,,,,,
2,Peire de ,3,,,,,,,
2,ad entendre ,3,,,,,,,
2,bon rei ,3,,,,,,,
2,dels plus ,3,,,,,,,
2,sirventes de ,3,,,,,,,
2,Rossillon e ,3,,,,,,,
2,Rossillon que ,3,,,,,,,
2,enamoret d ,3,,,,,,,
2,entre la ,3,,,,,,,
2,entre lor ,3,,,,,,,
2,pres per ,3,,,,,,,
2,vers e ,3,,,,,,,
2,Saint Antonin ,3,,,,,,,
2,cavallier e ,3,,,,,,,
2,al sieu ,3,,,,,,,
2,dis « ,3,,,,,,,
2,eron estat ,3,,,,,,,
2,fazia sas ,3,,,,,,,
2,no l ,3,,,,,,,
2,sa moiller ,3,,,,,,,
2,trobet bonas ,3,,,,,,,
2,dompnas e ,3,,,,,,,
2,e avinens ,2,,,,,,,
2,e bona ,2,,,,,,,
2,e bonas ,2,,,,,,,
2,e cantar ,2,,,,,,,
2,e cantet ,2,,,,,,,
2,e comensset ,2,,,,,,,
2,e far ,2,,,,,,,
2,e fazia ,2,,,,,,,
2,e grazitz ,2,,,,,,,
2,e larcs ,2,,,,,,,
2,e los ,2,,,,,,,
2,e mal ,2,,,,,,,
2,e mals ,2,,,,,,,
2,e menet ,2,,,,,,,
2,e plus ,2,,,,,,,
2,e pres ,2,,,,,,,
2,e q ,2,,,,,,,
2,e qand ,2,,,,,,,
2,e que ,2,,,,,,,
2,e rics ,2,,,,,,,
2,e s ,2,,,,,,,
2,e sas ,2,,,,,,,
2,e savis ,2,,,,,,,
2,e siei ,2,,,,,,,
2,e son ,2,,,,,,,
2,e sos ,2,,,,,,,
2,de Berbesiu ,2,,,,,,,
2,de Bergedan ,2,,,,,,,
2,de Blaia ,2,,,,,,,
2,de Cataloigna ,2,,,,,,,
2,de Cistel ,2,,,,,,,
2,de Clarmon ,2,,,,,,,
2,de Claustra ,2,,,,,,,
2,de Genoa ,2,,,,,,,
2,de Lemozin ,2,,,,,,,
2,de Mercuor ,2,,,,,,,
2,de Monferrat ,2,,,,,,,
2,de Peitieus ,2,,,,,,,
2,de Polomnac ,2,,,,,,,
2,de Ponciboc ,2,,,,,,,
2,de Romans ,2,,,,,,,
2,de Sarlat ,2,,,,,,,
2,de Tarascon ,2,,,,,,,
2,de Torena ,2,,,,,,,
2,de Vacheiras ,2,,,,,,,
2,de bons ,2,,,,,,,
2,de dire ,2,,,,,,,
2,de dompnas ,2,,,,,,,
2,de far ,2,,,,,,,
2,de femna ,2,,,,,,,
2,de na ,2,,,,,,,
2,de paubra ,2,,,,,,,
2,de reprendre ,2,,,,,,,
2,de se ,2,,,,,,,
2,de si ,2,,,,,,,
2,de totas ,2,,,,,,,
2,en Barral ,2,,,,,,,
2,en Raembaut ,2,,,,,,,
2,en Raimons ,2,,,,,,,
2,en Romania ,2,,,,,,,
2,en ad ,2,,,,,,,
2,en aqel ,2,,,,,,,
2,en aqella ,2,,,,,,,
2,en cui ,2,,,,,,,
2,en fo ,2,,,,,,,
2,en las ,2,,,,,,,
2,en lui ,2,,,,,,,
2,en partic ,2,,,,,,,
2,en totas ,2,,,,,,,
2,d Albusson ,2,,,,,,,
2,d Estrus ,2,,,,,,,
2,d Uissel ,2,,,,,,,
2,d aqella ,2,,,,,,,
2,d aqels ,2,,,,,,,
2,el Et ,2,,,,,,,
2,el agues ,2,,,,,,,
2,el anet ,2,,,,,,,
2,el comensset ,2,,,,,,,
2,el de ,2,,,,,,,
2,el e ,2,,,,,,,
2,el la ,2,,,,,,,
2,el las ,2,,,,,,,
2,el non ,2,,,,,,,
2,el portava ,2,,,,,,,
2,la domna ,2,,,,,,,
2,la duqessa ,2,,,,,,,
2,la gen ,2,,,,,,,
2,la gleisa ,2,,,,,,,
2,la maison ,2,,,,,,,
2,la moiller ,2,,,,,,,
2,la novella ,2,,,,,,,
2,la patz ,2,,,,,,,
2,E non ,2,,,,,,,
2,E pres ,2,,,,,,,
2,E tot ,2,,,,,,,
2,E tuich ,2,,,,,,,
2,et alegres ,2,,,,,,,
2,et apellava ,2,,,,,,,
2,et aver ,2,,,,,,,
2,et era ,2,,,,,,,
2,et fetz ,2,,,,,,,
2,fo fort ,2,,,,,,,
2,fo mas ,2,,,,,,,
2,que il ,2,,,,,,,
2,que mais ,2,,,,,,,
2,que per ,2,,,,,,,
2,l armet ,2,,,,,,,
2,l coms ,2,,,,,,,
2,l enansset ,2,,,,,,,
2,l fetz ,2,,,,,,,
2,l mieiller ,2,,,,,,,
2,l onret ,2,,,,,,,
2,per lui ,2,,,,,,,
2,per sen ,2,,,,,,,
2,per vezer ,2,,,,,,,
2,lo ben ,2,,,,,,,
2,lo marques ,2,,,,,,,
2,lo paire ,2,,,,,,,
2,lo pres ,2,,,,,,,
2,lo reis ,2,,,,,,,
2,si cum ,2,,,,,,,
2,si era ,2,,,,,,,
2,si n ,2,,,,,,,
2,si que ,2,,,,,,,
2,si s ,2,,,,,,,
2,a Perpignan ,2,,,,,,,
2,a far ,2,,,,,,,
2,a lui ,2,,,,,,,
2,a trobar ,2,,,,,,,
2,fetz cavallier ,2,,,,,,,
2,fetz e ,2,,,,,,,
2,fetz la ,2,,,,,,,
2,fetz sos ,2,,,,,,,
2,q un ,2,,,,,,,
2,se que ,2,,,,,,,
2,Et amava ,2,,,,,,,
2,Et enaissi ,2,,,,,,,
2,ab el ,2,,,,,,,
2,ab ella ,2,,,,,,,
2,ab la ,2,,,,,,,
2,ab son ,2,,,,,,,
2,ab totz ,2,,,,,,,
2,li dis ,2,,,,,,,
2,li fetz ,2,,,,,,,
2,li homen ,2,,,,,,,
2,li tot ,2,,,,,,,
2,li volia ,2,,,,,,,
2,del Carret ,2,,,,,,,
2,del Dalfin ,2,,,,,,,
2,del marqes ,2,,,,,,,
2,las dompnas ,2,,,,,,,
2,las malas ,2,,,,,,,
2,ella Et ,2,,,,,,,
2,ella de ,2,,,,,,,
2,ella don ,2,,,,,,,
2,ella fo ,2,,,,,,,
2,ella no·l ,2,,,,,,,
2,ella o ,2,,,,,,,
2,s entendet ,2,,,,,,,
2,s entendia ,2,,,,,,,
2,s es ,2,,,,,,,
2,un borges ,2,,,,,,,
2,un borzes ,2,,,,,,,
2,un mercadier ,2,,,,,,,
2,un trobador ,2,,,,,,,
2,era adoncs ,2,,,,,,,
2,era enfas ,2,,,,,,,
2,era mout ,2,,,,,,,
2,era una ,2,,,,,,,
2,mout ben ,2,,,,,,,
2,mout e ,2,,,,,,,
2,mout fo ,2,,,,,,,
2,mout gentils ,2,,,,,,,
2,mout grans ,2,,,,,,,
2,ben E ,2,,,,,,,
2,ben de ,2,,,,,,,
2,ben per ,2,,,,,,,
2,ben q ,2,,,,,,,
2,dompna li ,2,,,,,,,
2,dompna q ,2,,,,,,,
2,nom Sain ,2,,,,,,,
2,n Arnautz ,2,,,,,,,
2,n Elyas ,2,,,,,,,
2,n Raimon ,2,,,,,,,
2,n Uc ,2,,,,,,,
2,n Ucs ,2,,,,,,,
2,bonas aventuras ,2,,,,,,,
2,bonas e ,2,,,,,,,
2,avia E ,2,,,,,,,
2,chanssos Et ,2,,,,,,,
2,chanssos no ,2,,,,,,,
2,qe fo ,2,,,,,,,
2,los barons ,2,,,,,,,
2,los bons ,2,,,,,,,
2,non avia ,2,,,,,,,
2,non era ,2,,,,,,,
2,son esciutas ,2,,,,,,,
2,fon bons ,2,,,,,,,
2,fon crezut ,2,,,,,,,
2,fon trobaire ,2,,,,,,,
2,lui en ,2,,,,,,,
2,una borgesa ,2,,,,,,,
2,una cansson ,2,,,,,,,
2,una chansson ,2,,,,,,,
2,una dompna ,2,,,,,,,
2,una grans ,2,,,,,,,
2,gran dolor ,2,,,,,,,
2,mas ben ,2,,,,,,,
2,mas no ,2,,,,,,,
2,mas tot ,2,,,,,,,
2,bons homes ,2,,,,,,,
2,bons joglars ,2,,,,,,,
2,bons sons ,2,,,,,,,
2,bons sos ,2,,,,,,,
2,ni de ,2,,,,,,,
2,trobar Et ,2,,,,,,,
2,plus d ,2,,,,,,,
2,plus de ,2,,,,,,,
2,plus rics ,2,,,,,,,
2,venc bels ,2,,,,,,,
2,il donet ,2,,,,,,,
2,il fezes ,2,,,,,,,
2,pois fetz ,2,,,,,,,
2,castel d ,2,,,,,,,
2,qu eron ,2,,,,,,,
2,saup mout ,2,,,,,,,
2,sos chantars ,2,,,,,,,
2,so q ,2,,,,,,,
2,En Peirols ,2,,,,,,,
2,En Raimons ,2,,,,,,,
2,es en ,2,,,,,,,
2,es pres ,2,,,,,,,
2,tant que ,2,,,,,,,
2,honor Et ,2,,,,,,,
2,honor et ,2,,,,,,,
2,us rics ,2,,,,,,,
2,Guillem e ,2,,,,,,,
2,Raimon Jordan ,2,,,,,,,
2,lieis vezer ,2,,,,,,,
2,qand fo ,2,,,,,,,
2,tot l ,2,,,,,,,
2,don ella ,2,,,,,,,
2,don fo ,2,,,,,,,
2,gentils castellans ,2,,,,,,,
2,ad un ,2,,,,,,,
2,pres e ,2,,,,,,,
2,vers que ,2,,,,,,,
2,Proenssa et ,2,,,,,,,
2,cavallier E ,2,,,,,,,
2,cavallier e·il ,2,,,,,,,
2,cum el ,2,,,,,,,
2,cum hom ,2,,,,,,,
2,cum la ,2,,,,,,,
2,» E ,2,,,,,,,
2,» Et ,2,,,,,,,
2,» et ,2,,,,,,,
2,al bon ,2,,,,,,,
2,aver e ,2,,,,,,,
2,dis lo ,2,,,,,,,
2,ditz de ,2,,,,,,,
2,ls ditz ,2,,,,,,,
2,moric en ,2,,,,,,,
2,seigner d ,2,,,,,,,
2,sen e ,2,,,,,,,
2,valens dompna ,2,,,,,,,
2,adoncs de ,2,,,,,,,
2,e·l solatz ,2,,,,,,,
2,e·l trobar ,2,,,,,,,
2,entendet en ,2,,,,,,,
2,letras el ,2,,,,,,,
2,mais non ,2,,,,,,,
2,trobaire de ,2,,,,,,,
2,trobaire que ,2,,,,,,,
2,vezer Et ,2,,,,,,,
