"Formes";"Texte1";"Texte2";"Texte3";"Texte4";"Texte5";"Texte6";"Texte7";"Texte8";"Texte9";"Texte10";"Texte11";"Texte12"
"a";1;2;3;0;2;2;1;1;0;0;0;2
"ab";4;2;0;2;1;2;1;2;4;1;1;1
"abaissat";1;0;0;0;0;0;0;0;0;0;0;0
"abans";0;0;1;0;0;0;0;0;0;0;0;0
"abau";1;0;0;0;0;0;0;0;0;0;0;0
"abellir";0;0;0;0;0;0;0;1;0;0;0;0
"abra";0;0;1;0;0;0;0;0;0;0;0;0
"abrasar";0;0;1;0;0;0;0;0;0;0;0;0
"abronquitz";0;0;0;1;0;0;0;0;0;0;0;0
"acabar";0;0;0;0;0;0;0;0;0;0;1;0
"acazer";0;0;0;0;0;0;0;0;0;0;0;1
"acni";0;0;0;0;0;0;0;1;1;0;0;0
"acropitz";0;1;0;0;0;0;0;0;0;0;0;0
"acui";0;0;0;0;0;0;0;1;1;0;0;0
"acuillitz";0;1;0;0;0;0;0;0;0;0;0;0
"ad";0;0;0;0;0;0;0;0;1;0;0;0
"adam";0;0;1;0;0;0;0;0;0;0;0;0
"ades";0;0;0;0;0;2;0;0;0;0;0;0
"adieu";0;0;0;0;0;0;0;0;0;0;0;1
"adoncs";0;1;1;0;0;0;1;0;0;0;0;0
"adreicha";0;0;0;0;0;0;0;0;0;0;1;0
"afans";0;0;0;0;1;0;0;0;0;0;0;0
"affan";0;0;0;0;0;0;0;0;0;0;1;0
"affans";0;0;0;0;1;0;0;0;0;0;0;0
"affar";0;0;0;0;0;0;0;0;0;0;1;0
"affars";0;0;0;0;1;1;0;0;0;0;0;0
"affinar";0;0;0;0;0;0;0;0;0;0;1;0
"afinat";0;0;0;0;0;0;0;0;0;0;1;0
"africha";0;0;0;1;0;0;0;0;0;0;0;0
"agaran";0;0;0;0;0;0;0;0;0;0;1;0
"agra";0;0;0;0;0;0;1;0;0;0;1;0
"agrades";0;0;0;0;0;1;0;0;0;0;0;0
"agradet";0;0;0;0;0;1;0;0;0;0;0;0
"agron";0;0;1;0;0;0;0;0;0;0;0;0
"agues";0;0;0;0;0;0;1;1;0;0;0;0
"ag√¨quir";0;0;0;0;0;0;0;0;0;0;0;1
"ai";1;2;0;1;0;0;3;2;1;4;3;2
"aicill";0;0;0;0;0;0;0;1;0;0;0;0
"aillors";0;0;0;0;1;1;0;0;0;1;0;0
"aips";0;0;0;0;0;0;0;0;0;0;2;0
"aissi";1;0;1;0;0;0;0;0;0;0;0;0
"aisso";0;0;0;0;0;0;1;0;0;0;0;1
"aitai";0;0;0;0;1;0;0;1;0;0;0;0
"aital";0;1;0;0;0;0;0;0;0;0;0;0
"aitals";0;0;0;0;0;0;0;1;0;0;0;0
"aitan";0;0;0;0;0;0;2;1;0;1;0;0
"aiuda";0;0;0;0;0;1;0;0;0;0;0;0
"al";0;1;0;1;0;0;0;2;0;2;2;1
"ala";0;0;0;0;0;0;0;0;1;0;0;0
"aladreich";0;0;0;0;0;0;0;1;0;0;0;0
"alcor";0;0;0;0;0;0;0;0;1;0;0;0
"alegra";0;0;0;1;0;0;0;0;0;0;0;0
"alegransa";0;0;0;0;0;0;0;0;1;0;0;0
"alegriers";0;0;0;0;0;0;0;0;0;0;1;0
"alfenir";0;0;0;0;0;0;0;1;0;0;0;0
"alguns";0;0;0;0;0;0;0;0;0;0;1;0
"alissen";0;0;0;0;1;0;0;0;0;0;0;0
"almieu";0;0;0;0;0;0;0;0;0;1;0;0
"als";0;1;2;0;1;4;0;1;0;0;0;0
"am";0;2;0;0;0;0;0;0;0;0;0;1
"ama";1;0;0;0;0;0;0;0;0;0;0;0
"amador";1;0;1;0;0;0;0;0;0;0;0;0
"amadors";0;0;0;0;1;1;0;0;0;0;0;0
"aman";0;0;0;0;0;0;0;1;0;0;1;0
"amans";0;0;0;0;0;0;0;0;0;1;0;0
"amar";0;1;0;0;0;1;0;0;0;0;1;0
"amarai";0;1;0;0;0;0;0;0;0;0;0;0
"amars";0;0;0;0;1;1;0;0;0;0;0;0
"amatz";0;1;0;0;0;0;0;0;0;0;0;0
"amec";0;0;1;0;0;0;0;0;0;0;0;0
"amena";0;0;0;0;1;0;0;0;0;0;0;0
"amerceiar";0;0;0;0;0;1;0;0;0;0;0;0
"ames";0;0;0;0;0;1;0;0;0;0;0;0
"ami";0;0;0;0;1;0;0;0;0;0;0;0
"amia";0;0;0;0;0;0;0;0;0;0;1;1
"amic";0;0;1;0;0;0;1;0;0;0;0;0
"amics";0;0;0;1;2;0;0;0;0;0;0;0
"amor";0;2;1;1;0;0;0;0;0;2;1;1
"amoros";0;0;0;0;0;1;0;0;1;0;0;0
"amors";0;1;0;0;2;2;4;0;1;0;1;0
"amparatz";0;0;0;0;1;0;0;0;0;0;0;0
"an";1;0;0;1;1;0;0;0;1;1;0;0
"anar";0;0;0;0;0;0;0;0;0;1;0;0
"anc";0;0;3;2;0;0;0;1;0;0;1;0
"ancessors";0;0;0;0;1;0;0;0;0;0;0;0
"aneus";0;0;0;0;1;0;0;0;0;0;0;0
"ans";0;0;0;0;1;0;0;0;0;0;0;0
"ant";0;0;0;0;0;0;0;1;0;0;0;0
"anz";0;0;0;0;1;1;4;1;0;1;2;1
"aondana";0;0;0;0;1;0;0;0;0;0;0;0
"apartir";0;0;0;0;0;0;0;0;0;0;0;1
"apellatz";0;0;0;0;1;0;0;0;0;0;0;0
"aperta";0;0;1;0;0;0;0;0;0;0;0;0
"apeus";0;0;0;0;1;0;0;0;0;0;0;0
"aprenen";1;0;0;0;0;0;0;0;0;0;0;0
"aqist";0;0;0;0;0;0;0;0;0;0;1;0
"ar";0;0;1;0;0;0;0;0;0;0;0;0
"ara";0;0;0;0;0;1;0;0;0;0;0;0
"arai";0;0;0;0;1;0;0;0;0;0;0;0
"aras";0;0;0;1;0;0;0;0;0;0;0;0
"ardors";0;0;1;0;0;0;0;0;0;0;0;0
"arrocans";0;0;0;0;1;0;0;0;0;0;0;0
"ars";0;0;0;1;0;0;0;0;0;0;0;0
"as";0;0;0;1;0;0;0;0;0;0;0;0
"aseignor";0;0;0;0;0;0;0;0;0;1;0;0
"ases";1;0;0;0;0;0;0;0;0;0;0;0
"asofrir";0;0;0;0;0;0;0;0;0;0;0;1
"asolatz";0;0;0;0;1;0;0;0;0;0;0;0
"ason";0;0;0;0;0;0;1;0;0;0;0;0
"assaillitz";0;1;0;0;0;0;0;0;0;0;0;0
"assais";0;0;0;0;0;1;0;0;0;0;0;0
"assatz";0;1;0;0;0;1;0;0;0;0;0;0
"atal";0;0;0;0;0;0;0;0;0;1;0;0
"aten";0;0;0;0;0;0;0;1;1;0;0;0
"atendes";0;0;0;0;0;1;0;0;0;0;0;0
"ators";0;0;0;0;1;0;0;0;0;0;0;0
"atort";0;0;0;0;0;0;0;0;0;1;0;0
"atrais";0;0;0;0;0;1;0;0;0;0;0;0
"au";0;0;0;0;0;0;0;0;0;0;1;0
"auars";0;0;0;0;0;1;0;0;0;0;0;0
"aucir";0;0;0;0;0;0;0;0;0;0;0;1
"auer";0;0;0;0;2;0;1;1;0;0;0;0
"aueres";0;0;0;0;0;1;0;0;0;0;0;0
"aug";1;0;1;0;0;0;0;0;0;0;0;0
"auiatz";0;0;0;1;0;0;0;0;0;0;0;0
"auinenta";0;0;0;0;0;0;0;0;0;0;1;0
"auol";0;0;1;0;0;0;0;0;0;0;0;1
"auols";0;0;1;0;0;0;0;0;0;0;0;0
"aur";0;0;0;0;0;0;0;1;0;0;0;0
"aura";0;0;0;0;1;0;0;0;0;0;0;0
"aurai";0;0;0;0;0;0;0;0;1;0;0;0
"aurial";0;0;0;0;0;0;0;0;0;0;0;1
"aus";0;1;0;0;0;0;0;0;1;0;0;0
"ausa";0;0;1;0;0;0;0;0;0;0;0;0
"ausera";0;0;0;0;0;0;0;0;0;0;0;1
"auset";0;0;0;0;0;0;0;0;0;0;1;0
"aussor";0;0;0;0;0;0;0;0;0;1;0;0
"auta";0;1;0;1;0;0;0;0;0;0;0;0
"autra";0;1;0;0;0;0;2;0;1;0;0;1
"autre";0;1;0;0;0;1;1;0;1;0;0;0
"autreia";0;0;0;0;0;0;0;0;0;1;0;0
"autres";0;0;0;0;0;1;0;0;0;0;0;0
"autrui";1;0;0;0;0;0;0;0;0;1;0;1
"auziretz";0;0;0;1;0;0;0;0;0;0;0;0
"baillia";0;0;0;0;0;0;0;0;0;0;1;0
"bais";0;0;0;0;1;1;0;0;0;0;0;0
"baisars";0;0;0;1;0;0;0;0;0;0;0;0
"balans";0;0;0;0;1;0;0;0;0;0;0;0
"barons";0;0;1;0;0;0;0;0;0;0;0;0
"bastitz";0;1;0;0;0;0;0;0;0;0;0;0
"bat";0;0;0;1;0;0;0;0;0;0;0;0
"bausia";0;0;0;0;0;0;0;0;0;0;0;1
"bauzia";0;0;1;0;0;0;0;0;0;0;0;0
"be";0;0;0;0;0;0;0;0;1;0;0;0
"beders";0;0;0;1;0;0;0;0;0;0;0;0
"bel";0;0;0;0;0;0;1;1;0;1;0;0
"bella";1;0;0;0;0;0;0;0;0;0;1;1
"bels";0;0;0;0;2;1;0;0;0;0;0;0
"ben";0;0;1;1;6;3;2;0;1;2;2;3
"beneders";0;0;0;1;0;0;0;0;0;0;0;0
"benestan";0;0;0;0;0;0;0;0;0;1;0;0
"benestans";0;0;0;0;1;0;0;0;0;0;0;0
"benestar";0;0;0;0;0;1;0;0;0;0;0;0
"bens";0;0;1;0;1;0;0;1;0;0;0;1
"bes";0;0;1;1;0;0;2;0;0;0;0;0
"beus";0;0;0;0;1;0;0;0;0;0;0;0
"beutatz";0;0;0;0;0;0;0;0;0;0;1;0
"biais";0;0;0;0;1;1;0;0;0;0;0;0
"blan";0;0;0;1;0;0;0;1;0;0;0;0
"blanc";0;0;1;0;0;0;0;0;0;0;0;0
"blasmar";0;0;1;0;0;0;0;0;0;0;0;0
"blastima";0;0;1;0;0;0;0;0;0;0;0;0
"blau";1;0;0;0;0;0;0;0;0;0;0;0
"bobans";0;0;0;0;1;0;0;0;0;0;0;0
"bocba";0;0;0;1;0;0;0;0;0;0;0;0
"bocha";0;0;1;0;0;0;0;0;0;0;0;0
"bom";0;0;0;0;0;0;0;0;1;0;0;0
"bon";0;0;1;0;0;1;1;0;0;1;0;0
"bona";0;0;0;0;1;0;0;0;0;0;0;0
"bons";0;0;0;0;1;0;0;0;0;1;0;0
"bontatz";0;0;0;0;0;0;1;0;0;0;0;0
"bos";0;0;1;0;2;0;0;0;0;0;0;0
"boton";0;0;0;0;0;0;0;0;0;1;0;0
"braier";1;0;0;0;0;0;0;0;0;0;0;0
"brau";1;0;0;0;0;0;0;0;0;0;0;0
"braus";0;0;0;0;0;0;0;1;0;0;0;0
"breus";0;0;0;0;1;0;0;0;0;0;0;0
"buoimais";0;0;0;0;0;0;0;0;0;0;0;1
"ca";0;0;0;0;1;0;0;0;1;0;0;0
"cab";1;0;0;0;1;1;0;0;0;0;0;1
"caber";0;0;0;0;1;0;0;0;0;0;0;1
"cabria";0;0;0;0;0;0;0;0;0;0;1;0
"cadamor";0;0;0;0;0;0;0;1;0;0;0;0
"cades";0;0;0;1;0;0;0;0;0;0;0;0
"cadoncs";0;1;0;0;1;0;0;0;0;0;0;0
"cadreich";0;0;0;0;0;0;0;0;0;1;0;1
"cadreitz";0;0;0;0;0;0;0;0;0;0;0;1
"cafinar";0;0;0;0;0;0;0;0;0;0;1;0
"caissi";0;1;0;0;0;1;0;0;0;0;1;0
"caissim";0;0;0;0;0;0;0;1;0;0;0;0
"caisso";0;0;0;0;0;0;0;0;0;0;1;0
"caissom";0;0;0;0;0;0;0;0;0;0;1;0
"cal";0;0;0;0;0;0;0;1;0;2;0;1
"cala";0;0;1;0;0;0;0;0;0;0;0;0
"cals";0;0;0;2;0;0;0;0;1;0;0;0
"cami";0;0;0;0;0;0;0;1;1;0;0;0
"camiairitz";0;1;0;0;0;0;0;0;0;0;0;0
"camian";0;0;0;0;0;0;0;0;0;0;1;0
"camiar";0;0;0;0;0;1;0;0;0;0;0;0
"camie";0;0;0;0;0;0;0;0;0;0;1;0
"camiei";0;0;0;0;0;0;0;0;0;0;1;0
"camiet";1;0;0;0;0;0;0;1;0;0;0;0
"camors";0;0;0;1;0;0;0;1;0;0;0;0
"canc";0;1;1;1;0;2;2;0;0;1;0;0
"cane";0;0;0;0;1;0;0;0;0;0;0;0
"cant";0;1;1;0;0;0;0;0;0;0;0;0
"cantre";0;1;0;0;0;0;0;0;0;0;0;0
"cap";0;0;0;1;0;0;0;0;0;1;0;0
"capauc";0;0;0;0;0;0;0;0;0;0;0;1
"capdella";0;0;0;0;0;0;0;0;1;0;1;0
"capdens";0;0;0;0;1;0;0;0;0;0;0;0
"captenemen";1;0;0;0;0;0;0;0;0;0;0;0
"car";3;2;2;0;4;2;1;1;2;3;8;4
"cara";0;0;0;0;0;0;0;0;0;0;1;0
"carazon";0;0;0;0;0;0;0;0;0;1;0;0
"carnau";1;0;0;0;0;0;0;0;0;0;0;0
"cars";0;0;0;1;1;0;0;0;0;0;0;0
"cas";0;0;0;1;0;0;0;0;0;0;0;0
"cascus";0;0;0;0;0;0;0;1;0;0;0;0
"caslar";0;1;0;0;0;0;0;0;0;0;0;0
"catre";0;0;0;0;0;1;0;0;0;0;0;0
"caualgar";0;1;0;0;0;0;0;0;0;0;0;0
"cauia";0;0;0;0;0;0;0;0;0;1;0;0
"causa";0;0;0;0;0;0;0;0;0;1;1;0
"cautra";0;0;0;1;0;0;0;0;2;0;0;0
"cautre";0;0;0;0;0;0;0;0;1;0;0;0
"cautren";0;0;0;0;0;0;0;0;0;0;0;1
"cayma";0;0;1;0;0;0;0;0;0;0;0;0
"cel";1;0;1;1;0;0;0;0;0;1;0;0
"celeatz";0;0;0;0;1;0;0;0;0;0;0;0
"cella";0;0;0;1;0;0;0;0;1;0;0;0
"celliei";0;0;0;2;0;0;0;0;1;0;0;0
"cellui";0;0;0;0;0;1;0;0;0;0;0;0
"cels";0;1;0;0;1;0;0;0;1;0;1;0
"celz";0;0;0;0;0;0;0;0;0;0;0;1
"cercon";0;0;0;0;0;0;0;0;0;0;1;0
"certa";0;0;1;0;0;0;0;0;0;0;0;0
"chai";0;0;0;0;1;0;0;0;0;0;0;0
"chan";0;0;0;1;0;0;0;0;0;0;0;0
"chans";0;0;0;0;2;0;0;0;0;0;0;0
"chansos";0;0;0;0;0;0;0;0;1;0;0;0
"chansson";0;0;0;0;0;0;0;0;0;0;1;0
"chanssos";0;0;0;1;0;0;0;0;0;0;0;0
"chant";0;0;0;0;0;0;0;0;0;0;0;1
"chantadors";0;0;0;0;0;1;0;0;0;0;0;0
"chantan";0;0;0;1;0;0;0;0;0;0;0;0
"chantar";0;0;1;0;0;2;0;0;0;1;0;0
"chantars";0;0;0;1;1;1;0;0;0;0;0;0
"chantes";0;0;0;1;0;0;0;0;0;0;0;0
"chapteing";0;0;0;0;1;0;0;0;0;0;0;0
"chastiar";0;0;0;0;0;1;0;0;0;0;0;0
"chastiars";0;0;0;0;0;1;0;0;0;0;0;0
"chausimen";0;0;0;0;0;0;1;0;0;0;0;0
"chausimens";0;0;0;0;0;0;1;0;0;0;0;0
"chausir";0;0;0;0;0;0;0;0;0;0;0;1
"chausis";0;0;0;0;0;1;0;0;0;0;0;0
"chausit";0;0;0;0;0;0;0;0;0;0;0;1
"cill";1;0;0;1;0;0;0;0;0;0;0;0
"cima";0;0;1;0;0;0;0;0;0;0;0;0
"cinc";0;0;0;0;0;0;0;0;0;1;0;0
"cist";1;0;0;0;0;0;0;0;0;0;0;0
"clam";0;0;0;0;1;0;0;0;0;0;0;0
"clama";0;0;0;1;0;0;0;0;0;0;0;0
"clamatz";0;0;0;0;1;0;0;0;0;0;0;0
"clams";0;0;0;0;0;1;0;0;0;0;0;0
"clan";0;1;0;0;0;0;0;0;0;0;0;0
"clar";0;0;0;0;0;0;0;1;0;0;0;0
"clars";0;0;0;1;0;0;0;0;0;0;0;0
"clausa";0;0;0;0;0;0;0;0;0;0;1;0
"cnn";0;0;0;0;0;0;0;1;0;0;0;0
"cobeeza";0;0;1;0;0;0;0;0;0;0;0;0
"cobeitatz";0;0;1;0;0;0;0;0;0;0;0;0
"coberta";0;0;1;0;0;0;0;0;0;0;0;0
"cobleiars";0;0;0;0;0;0;0;0;0;0;0;1
"cobrar";0;0;0;0;0;0;0;0;0;0;1;0
"cobres";0;0;0;0;0;1;0;0;0;0;0;0
"cobrir";0;0;0;0;0;0;0;0;0;0;0;2
"cocha";0;0;1;0;0;0;0;0;0;0;0;0
"coimais";0;0;0;0;0;0;0;0;0;1;0;0
"coitar";0;0;0;0;0;1;0;0;0;0;0;0
"col";0;1;0;0;0;0;0;0;0;0;0;0
"colors";0;0;0;0;0;1;0;0;0;0;0;0
"com";0;1;0;0;2;3;2;1;0;2;0;1
"coman";0;0;0;0;0;0;1;1;0;0;1;0
"comanda";0;0;0;0;0;0;0;0;1;0;0;0
"comans";0;0;0;0;1;0;0;0;0;0;0;0
"comortz";0;0;0;0;1;0;0;0;0;0;0;0
"complaing";0;0;0;0;0;0;0;1;0;0;0;0
"complir";0;0;0;0;0;0;0;0;0;0;1;1
"comprar";1;0;0;0;0;0;0;0;0;0;0;0
"comtessa";0;0;0;0;0;0;0;0;1;0;0;0
"confortz";0;0;0;0;1;0;0;0;0;0;0;0
"conogues";0;0;0;0;0;0;1;0;0;0;0;1
"conogut";0;0;0;0;0;0;1;0;0;0;0;0
"conois";0;0;0;0;0;0;1;0;0;0;0;0
"conoisser";0;0;0;0;0;0;0;0;0;0;0;1
"conor";0;0;0;0;0;0;0;0;0;0;0;1
"conortan";0;0;0;0;0;0;0;0;0;0;1;0
"conortz";0;0;0;0;1;0;0;0;0;0;0;0
"conosc";0;0;0;0;0;0;0;0;0;1;0;0
"conoscant";1;0;0;0;0;0;0;0;0;0;0;0
"conqer";0;0;0;0;0;0;0;0;0;1;0;0
"conqerer";0;0;0;0;0;0;0;0;0;1;0;0
"conquerir";0;0;0;0;0;0;0;1;0;0;0;0
"conquist";0;0;0;0;0;0;0;1;0;0;0;0
"consec";0;0;1;0;0;0;0;0;0;0;0;0
"contatz";0;0;0;0;1;0;0;0;0;0;0;0
"contraclau";1;0;0;0;0;0;0;0;0;0;0;0
"contral";0;0;1;0;0;0;0;0;0;0;0;0
"contrals";0;0;0;0;0;1;0;0;0;0;0;0
"cor";0;0;1;0;0;0;1;2;2;0;2;0
"coral";0;0;0;0;0;0;0;0;1;0;0;1
"cors";0;0;0;3;1;1;0;4;2;2;2;1
"cortes";1;0;0;0;1;0;0;0;2;0;0;0
"cortesa";0;0;0;0;0;0;0;0;0;0;0;1
"cortesia";0;0;0;0;0;0;1;0;0;0;1;0
"cossenta";0;0;0;0;0;0;0;0;0;0;1;0
"cossir";0;0;0;0;0;0;0;1;0;0;0;0
"cossiriers";0;0;0;0;0;0;0;0;0;0;1;0
"cossiros";0;0;0;0;0;1;0;0;0;0;0;0
"couen";0;0;0;0;1;1;0;2;0;0;0;0
"couengut";0;0;0;0;0;0;1;0;0;0;0;0
"couens";0;0;0;0;0;1;0;0;0;0;0;0
"couers";0;0;0;1;0;0;0;0;0;0;0;0
"cregues";0;0;0;0;0;1;0;0;0;0;0;0
"creia";0;0;0;0;0;0;0;0;0;1;0;0
"creiran";0;0;0;1;0;0;0;0;0;0;0;0
"creiria";0;0;0;0;0;0;0;0;0;0;0;1
"creis";0;0;1;0;0;0;0;0;0;0;0;0
"criclal";0;1;0;0;0;0;0;0;0;0;0;0
"cubert";1;0;0;0;0;0;0;0;0;0;0;0
"cudaran";0;0;0;0;0;0;0;0;0;0;1;0
"cui";2;0;2;2;0;1;0;2;4;1;1;1
"cuia";0;0;1;0;0;0;0;0;0;0;0;0
"cuich";0;0;0;0;0;0;0;0;0;0;0;1
"cuida";0;1;0;0;0;0;0;0;0;0;0;0
"cuidar";0;0;0;0;0;0;0;0;0;0;1;0
"cuidars";0;0;0;0;1;0;0;0;0;0;0;0
"cuidatz";0;0;0;1;0;0;0;0;0;0;0;0
"cuides";0;0;0;0;0;1;0;0;0;0;0;0
"cuidon";0;0;1;0;0;0;0;0;0;0;0;0
"cuig";0;0;0;0;1;1;0;0;0;0;0;0
"cum";1;0;0;2;1;3;4;3;11;0;1;4
"cura";0;0;0;0;0;0;0;0;0;0;0;1
"cus";1;0;3;2;1;0;0;0;1;0;0;0
"dafar";0;0;0;0;0;1;0;0;0;0;0;0
"daiguilen";1;0;0;0;0;0;0;0;0;0;0;0
"daisso";0;1;0;0;0;0;0;0;0;1;0;1
"daitan";0;0;0;0;0;0;0;0;1;0;1;0
"dal";0;0;0;0;0;0;0;0;0;1;0;1
"dals";0;0;0;0;0;0;0;0;1;0;0;0
"damar";0;0;1;0;0;0;0;0;0;0;0;0
"damic";0;0;0;0;0;0;1;0;0;0;0;0
"damor";1;0;0;0;0;0;0;1;1;0;1;0
"dan";0;0;0;2;0;0;1;0;0;1;1;0
"dans";0;0;0;1;1;0;0;0;0;0;0;0
"danz";0;0;0;0;0;0;0;0;0;0;1;0
"daqui";1;0;1;0;1;0;0;0;0;0;0;0
"dar";0;0;1;0;0;0;0;0;0;0;0;0
"daria";0;0;0;0;1;0;0;0;0;0;0;0
"datretal";1;0;0;0;0;0;0;0;0;0;0;0
"datz";0;0;0;0;1;0;0;0;0;0;0;0
"dauar";0;0;0;0;0;1;0;0;0;0;0;0
"dauer";0;0;0;0;0;0;0;0;0;0;0;1
"dauol";0;0;1;1;0;0;0;0;0;0;0;0
"daurar";0;0;1;0;0;0;0;0;0;0;0;0
"dazai";0;0;0;0;0;1;0;0;0;0;0;0
"de";4;4;6;6;2;6;1;1;4;0;0;0
"deben";0;0;0;0;0;0;0;0;0;0;1;0
"debenestar";0;0;0;0;0;0;0;0;0;0;1;0
"debons";0;0;0;0;0;0;0;0;0;0;1;0
"dec";0;0;0;1;0;0;0;1;0;0;0;0
"decui";0;0;0;0;0;0;0;0;1;0;0;0
"dedan";0;0;0;0;0;0;0;1;0;0;0;0
"defar";0;0;0;0;0;0;0;0;0;1;0;0
"defeunia";0;0;0;0;0;0;0;0;0;0;0;1
"definen";1;0;0;0;0;0;0;0;0;0;0;0
"degen";0;0;0;0;0;0;0;1;0;0;0;0
"degra";0;0;0;0;0;0;0;1;0;0;0;0
"degron";0;0;1;0;0;0;0;0;0;0;0;0
"degues";0;0;0;0;0;0;0;1;0;0;0;0
"deia";0;0;0;0;0;0;0;0;0;1;0;0
"deigna";0;0;0;0;0;0;0;0;0;0;0;1
"deignal";0;0;0;0;0;0;0;0;0;0;1;0
"deing";1;0;0;0;0;0;0;0;0;0;0;0
"deiunars";0;0;0;1;0;0;0;0;0;0;0;0
"del";2;1;1;0;1;0;2;1;0;3;0;0
"delausengiers";0;0;0;0;0;0;0;0;0;0;1;0
"delieis";0;0;0;0;0;0;1;1;0;0;1;0
"della";0;0;0;0;0;0;0;0;0;0;1;0
"dels";0;0;0;0;2;1;0;0;0;0;0;0
"deltot";0;0;0;0;0;0;0;0;0;0;0;1
"dema";0;0;0;0;0;0;2;0;0;0;0;0
"deman";0;0;0;1;0;1;1;1;0;0;0;0
"deme";0;0;0;0;0;0;0;0;1;0;0;0
"demi";0;0;0;1;0;0;0;1;0;0;0;0
"demia";0;0;0;0;0;0;0;0;0;1;0;0
"demon";0;0;0;0;0;0;1;0;0;0;0;0
"demorir";0;0;0;0;0;0;0;0;0;0;0;1
"demort";0;0;0;0;0;0;0;1;0;0;0;0
"demostratz";0;0;0;0;1;0;0;0;0;0;0;0
"den";0;0;0;0;0;0;0;0;0;0;0;1
"denan";0;0;0;0;0;0;1;0;0;0;0;0
"denemia";0;0;0;0;0;0;0;0;0;0;1;0
"denfan";0;0;0;1;0;0;0;0;0;0;1;0
"dengan";0;0;1;1;0;0;0;0;0;0;1;0
"denoncaler";0;0;0;0;0;0;0;0;0;0;0;1
"dentrels";0;0;0;1;0;0;0;0;0;0;0;0
"denuei";0;0;0;0;0;0;0;0;1;0;0;0
"deplazer";0;0;0;0;0;0;0;0;1;0;0;0
"deportz";0;0;0;0;1;0;0;0;0;0;0;0
"deproenssa";0;0;0;0;0;0;0;0;1;0;0;0
"des";0;0;0;0;0;0;1;0;0;0;0;0
"desacortz";0;0;0;0;1;0;0;0;0;0;0;0
"desastruc";0;0;0;0;0;0;0;1;0;0;0;0
"desauinen";0;0;0;0;0;0;0;0;0;1;0;0
"deschapten";0;0;0;0;1;0;0;0;0;0;0;0
"deschausir";0;0;0;1;0;0;0;0;0;0;0;0
"descnidatz";0;0;0;1;0;0;0;0;0;0;0;0
"descobrir";0;0;0;0;0;0;0;0;0;0;0;1
"descreia";0;0;0;0;0;0;0;0;0;1;0;0
"descrima";0;0;1;0;0;0;0;0;0;0;0;0
"desen";0;0;0;0;0;0;0;0;0;0;0;1
"desenans";0;0;0;0;1;0;0;0;0;0;0;0
"desenmanenta";0;0;0;0;0;0;0;0;0;0;1;0
"deserta";0;0;1;0;0;0;0;0;0;0;0;0
"deseruir";0;0;0;0;0;0;0;0;0;1;0;0
"desesperat";0;0;0;0;0;0;0;0;1;0;0;0
"desir";0;0;0;0;0;0;0;0;1;1;0;0
"desiran";0;0;0;0;0;0;1;1;0;0;1;0
"desirar";0;0;0;0;0;0;0;0;0;0;1;0
"desiriers";0;0;0;0;0;0;0;0;0;0;1;0
"desirs";0;0;0;0;0;0;0;0;0;0;1;0
"deslais";0;0;0;0;0;1;0;0;0;0;0;0
"desleial";0;0;0;0;0;0;0;0;0;0;0;1
"desmenta";0;0;0;0;0;0;0;0;0;0;1;0
"desonors";0;0;0;0;1;1;0;0;0;0;0;0
"despen";1;0;0;0;0;0;0;0;0;0;0;0
"desperanssa";0;0;0;0;0;0;0;0;1;0;0;0
"desperos";0;0;0;0;0;1;0;0;0;0;0;0
"despers";0;0;0;1;0;0;0;0;0;0;0;0
"desplatz";0;0;0;0;0;0;0;0;0;0;0;1
"desque";0;0;0;0;0;1;0;0;0;0;0;1
"desreia";0;0;0;0;0;0;0;0;0;1;0;0
"dessetz";0;0;0;0;0;0;1;0;0;0;0;0
"destreignia";0;0;0;0;0;0;0;0;0;0;0;1
"destreing";2;0;0;0;0;0;0;0;0;0;0;0
"desual";0;0;0;0;0;0;0;0;0;0;0;1
"det";0;0;0;0;1;0;0;0;0;0;1;0
"detant";0;0;0;0;0;0;1;0;0;0;0;0
"detot";0;0;0;0;0;0;0;0;1;0;1;0
"deu";2;0;0;0;0;0;0;0;0;3;1;2
"deualor";0;0;0;0;0;0;0;0;0;1;0;0
"deuenc";0;0;0;1;0;0;0;0;0;0;0;0
"deuer";0;0;0;0;0;0;1;0;0;0;0;0
"deueraia";0;0;0;0;0;0;0;0;0;1;0;0
"deuers";0;0;0;0;0;0;0;0;0;1;0;0
"deuos";0;0;0;0;0;0;0;0;0;0;0;1
"deuria";0;0;0;0;0;1;0;0;0;0;0;1
"dia";0;0;0;0;0;0;1;0;0;0;0;0
"dic";0;0;0;1;0;0;1;0;0;0;0;0
"dich";0;0;0;0;0;0;0;0;1;2;0;0
"dicha";0;0;0;1;0;0;0;0;0;0;0;0
"die";0;0;0;0;0;1;0;0;0;0;1;0
"dieu";0;0;1;0;0;0;1;0;1;0;0;1
"dieus";1;1;1;0;0;0;0;0;0;0;1;0
"dig";0;0;0;1;0;0;0;0;0;0;0;0
"digz";0;1;0;0;0;1;0;0;1;0;0;0
"dil";0;0;0;0;0;0;0;0;0;0;2;0
"dimei";0;0;0;0;0;0;0;0;0;0;0;1
"dinz";0;0;1;0;0;0;0;0;0;0;0;0
"dir";0;0;0;0;0;0;0;1;2;0;0;3
"dirai";0;0;0;0;0;0;0;0;4;0;0;0
"diras";0;0;0;0;0;0;0;0;0;0;1;0
"dire";0;0;0;0;0;0;0;0;1;0;1;0
"direm";0;0;0;0;0;0;0;0;0;0;0;1
"diretz";0;0;0;1;0;0;0;0;0;0;0;0
"diria";0;0;0;0;0;0;1;0;0;0;0;1
"dis";0;0;0;0;1;0;0;1;0;0;0;1
"dissen";0;0;0;0;0;0;0;0;0;1;0;0
"disses";0;0;0;0;0;0;1;0;0;0;0;0
"ditz";0;1;0;0;0;0;0;1;0;0;0;1
"dol";0;0;0;0;0;0;0;0;0;1;0;0
"dolor";0;0;0;0;0;0;0;0;0;1;1;0
"dompna";1;0;0;0;0;1;1;0;4;0;2;1
"dompnam";0;0;0;0;0;0;1;0;0;0;0;0
"dompnas";0;0;0;0;0;0;0;0;0;0;0;1
"dompneiador";1;0;0;0;0;0;0;0;0;0;0;0
"dompnideu";0;1;0;0;0;0;0;0;0;0;0;0
"don";0;1;2;1;3;3;1;1;0;1;2;1
"dona";0;0;0;0;0;1;0;0;0;2;0;0
"doncs";0;0;0;1;1;0;0;0;1;0;0;0
"dones";0;0;0;0;0;0;0;0;1;0;0;0
"donor";0;0;0;0;0;0;0;0;1;0;0;0
"donpna";0;0;0;0;0;0;0;0;0;0;0;1
"dopti";0;0;0;0;0;0;0;0;0;0;1;0
"dorguoill";0;0;0;0;0;0;0;0;0;0;1;0
"dorien";1;0;0;0;0;0;0;0;0;0;0;0
"dos";0;0;0;0;0;1;0;0;0;0;0;0
"doussa";0;0;0;0;0;0;0;0;0;0;0;2
"doussamen";0;0;0;0;0;0;1;0;0;0;0;0
"doussor";1;0;0;0;0;0;0;0;0;0;0;0
"doutz";0;0;1;2;0;0;0;0;0;0;2;0
"drap";0;0;0;0;0;1;0;0;0;0;0;0
"dreich";0;0;0;0;1;1;1;0;1;1;0;0
"dreig";0;0;0;1;0;0;0;0;0;0;0;0
"dreitura";0;0;1;0;0;0;0;0;0;0;0;0
"dreituriers";0;0;0;0;0;0;0;0;0;0;1;0
"dreitz";0;0;0;1;0;0;0;0;0;1;0;0
"drut";2;0;0;0;0;0;1;0;0;0;0;0
"drutz";1;1;0;0;2;0;0;0;0;0;0;0
"dumil";0;0;0;0;0;0;0;0;0;0;1;0
"dun";1;0;2;2;0;0;0;0;0;0;0;0
"durarai";0;0;0;0;0;0;0;0;4;0;0;0
"dus";0;0;0;0;1;0;0;0;0;0;0;0
"e";9;8;5;16;22;29;1;3;3;1;4;1
"ebenfaich";0;0;0;0;0;0;0;0;0;1;0;0
"eblandir";0;0;0;0;0;0;0;1;0;0;0;0
"ebonas";0;0;0;0;0;0;0;0;0;0;0;1
"ecar";0;0;0;0;0;0;0;0;0;1;0;1
"ecenta";0;0;0;0;0;0;0;0;0;0;1;0
"ecill";0;0;0;0;0;0;0;1;0;0;0;0
"eclar";0;0;0;0;0;0;0;0;0;0;1;0
"ecouenta";0;0;0;0;0;0;0;0;0;0;1;0
"edaisso";0;0;0;0;0;0;0;0;0;0;1;1
"edamorosa";0;0;0;0;0;0;0;0;0;0;1;0
"ede";0;0;0;0;0;0;0;0;0;0;0;1
"ederiers";0;0;0;0;0;0;0;0;0;0;1;0
"edesir";0;0;0;0;0;0;0;0;0;0;0;1
"edesplazer";0;0;0;0;0;0;0;0;0;0;0;1
"edetotz";0;0;0;0;0;0;0;0;1;0;0;0
"edi";0;0;0;0;0;0;0;0;0;0;1;0
"edos";0;0;0;0;0;0;0;0;1;0;0;0
"effreis";0;0;0;1;0;0;0;0;0;0;0;0
"efin";0;0;0;0;0;0;0;0;0;0;1;0
"efis";0;0;0;0;0;0;0;1;0;0;0;0
"egen";0;0;0;0;0;0;0;1;0;0;0;1
"egenta";0;0;0;0;0;0;0;0;0;0;1;0
"egrazir";0;0;0;0;0;0;0;0;0;0;0;1
"eguet";0;0;0;0;1;0;0;0;0;0;0;0
"eguia";0;0;0;0;0;0;0;0;1;0;0;0
"eil";0;1;1;0;0;1;1;1;2;1;0;0
"eill";1;0;0;0;0;0;0;0;0;0;0;0
"eiorn";0;0;0;0;0;0;0;0;2;0;0;0
"eis";1;0;0;0;0;0;0;0;0;0;1;0
"eissamen";1;0;0;0;0;0;0;0;0;0;0;0
"el";4;1;1;5;4;1;1;2;1;3;3;0
"elas";0;0;0;0;0;0;0;0;1;0;0;0
"eldia";0;0;0;0;0;0;0;0;0;0;1;0
"eleial";0;0;0;0;0;0;0;0;0;0;0;1
"elenanssa";0;0;0;0;0;0;0;0;0;1;0;0
"elet";0;0;0;1;0;0;0;0;0;0;0;0
"ellam";0;0;0;0;0;0;1;0;0;0;0;0
"elmon";0;0;0;0;0;0;0;0;1;0;0;0
"elors";0;0;0;0;1;0;0;0;0;0;0;0
"els";0;0;1;0;3;0;0;2;1;0;0;0
"elus";0;0;0;0;0;0;0;0;1;0;0;0
"em";0;0;0;0;4;0;0;0;0;0;1;0
"ema";0;0;0;0;0;0;0;0;0;0;1;0
"emacompaing";0;0;0;0;0;0;0;1;0;0;0;0
"emembranssa";0;0;0;0;0;0;0;0;1;0;0;0
"emembre";0;0;0;0;0;0;0;0;0;1;0;0
"emembres";0;0;0;0;0;0;0;0;0;1;0;0
"emespres";0;0;0;0;0;0;0;1;0;0;0;0
"emfuich";0;0;0;0;0;0;0;0;1;0;0;0
"emon";0;0;0;0;0;0;0;0;0;0;0;1
"empren";0;0;0;0;0;0;0;0;1;0;0;0
"emsec";0;0;0;0;0;0;0;0;1;0;0;0
"en";5;3;3;4;3;1;2;0;0;2;1;1
"enamoratz";0;1;0;0;0;0;0;0;0;0;0;0
"enan";0;0;0;0;0;0;1;0;0;1;0;0
"enans";0;0;0;0;1;0;0;0;0;0;0;0
"encabalitz";0;0;0;2;0;0;0;0;0;0;0;0
"encreiria";0;0;0;0;0;0;0;0;0;0;1;0
"encrima";0;0;1;0;0;0;0;0;0;0;0;0
"encui";0;0;0;0;0;0;0;0;1;0;0;0
"endia";0;0;0;0;0;0;0;0;0;0;0;1
"enemics";0;1;0;0;0;0;0;1;1;0;0;0
"engan";0;0;0;0;0;0;0;1;0;1;0;0
"enganador";1;0;0;0;0;0;0;0;0;0;0;0
"enganairitz";0;1;0;0;0;0;0;0;0;0;0;0
"enganar";0;1;0;0;0;0;0;0;0;0;0;0
"engans";0;0;0;0;0;1;0;0;0;0;0;0
"engeing";1;0;0;0;0;0;0;0;0;0;0;0
"enic";0;0;0;0;0;0;0;0;0;1;0;0
"enlur";0;0;0;0;0;0;0;0;0;0;1;0
"enoi";0;0;0;0;0;0;0;0;0;0;0;1
"enoil";0;0;0;0;0;0;0;0;0;0;0;1
"enom";0;0;0;0;0;0;1;0;0;0;0;0
"enon";0;0;0;0;0;0;0;2;0;0;0;3
"enperdon";0;0;0;0;0;0;0;0;0;1;0;0
"enplaing";0;0;0;0;0;0;0;1;0;0;0;0
"enploron";0;0;0;0;0;0;0;1;0;0;0;0
"enpren";0;0;0;0;0;0;1;1;0;0;0;0
"enpres";0;0;0;0;0;0;0;1;0;0;0;0
"enpretz";0;0;0;0;0;0;0;0;0;1;0;0
"enqers";0;0;0;1;0;0;0;0;0;0;0;0
"enrazonatz";0;0;0;0;1;0;0;0;0;0;0;0
"enseignatz";0;0;0;0;1;0;0;0;0;0;0;0
"enseignaua";0;0;0;0;0;1;0;0;0;0;0;0
"ensospira";0;0;0;0;0;0;0;1;0;0;0;0
"entencion";0;0;0;0;0;0;0;0;0;1;0;0
"entiers";0;0;0;0;0;0;0;0;0;0;1;0
"entot";0;0;0;0;0;0;0;0;0;0;1;0
"entre";0;0;0;0;0;0;0;0;0;0;1;0
"entrels";0;0;1;0;0;1;0;0;0;0;0;0
"entro";0;0;0;0;0;0;1;0;0;0;0;0
"enueiat";1;0;0;0;0;0;0;0;0;0;0;0
"enuers";0;0;0;1;0;0;0;0;0;0;0;0
"eper";0;0;0;0;0;0;0;0;0;0;1;0
"eplus";0;0;0;0;0;0;0;1;0;0;0;0
"epois";0;0;0;0;0;0;1;0;0;0;0;0
"eprec";0;0;0;0;0;0;0;0;0;1;0;0
"epretz";0;0;0;0;0;0;0;0;0;0;0;1
"eqieu";0;0;0;0;0;0;0;0;0;0;0;1
"er";0;0;0;1;0;0;0;0;0;0;1;0
"era";0;0;0;0;1;0;0;0;0;0;0;0
"eral";0;0;0;0;0;0;0;0;0;0;1;0
"eras";0;0;0;0;0;1;0;0;0;0;0;0
"erba";0;0;1;0;0;0;0;0;0;0;0;0
"ere";1;0;0;0;0;0;0;0;0;0;0;0
"erec";0;0;0;1;0;0;0;0;0;0;0;0
"error";1;0;0;0;0;0;0;0;0;0;0;0
"es";0;3;4;4;6;2;3;3;3;3;3;2
"esa";0;0;0;0;0;0;0;0;0;1;0;0
"esarazon";0;0;0;0;0;0;0;0;0;1;0;0
"escarnitz";0;1;0;0;0;0;0;0;0;0;0;0
"escazer";0;0;0;0;0;0;0;0;0;0;0;1
"escur";0;0;0;0;0;0;0;1;0;0;0;0
"esegura";0;0;0;0;0;0;0;0;0;0;1;0
"esgar";0;0;0;0;0;0;0;0;0;0;1;0
"esgau";1;0;0;0;0;0;0;0;0;0;0;0
"esi";0;0;0;0;0;0;0;0;0;0;0;1
"esieu";0;0;0;0;0;0;0;0;0;1;0;0
"esit";0;0;0;0;0;0;0;0;0;0;1;0
"esmai";0;0;0;0;0;0;0;0;1;0;0;0
"esmendar";0;0;0;0;0;0;0;0;0;0;1;0
"esmers";0;0;0;1;0;0;0;0;0;0;0;0
"esobriers";0;0;0;0;0;0;0;0;0;0;1;0
"eson";0;0;0;0;0;0;1;0;0;0;0;0
"esos";0;0;0;0;0;0;0;0;0;0;1;0
"espauen";0;0;0;0;0;0;0;1;0;0;0;0
"esperan";0;0;0;0;0;0;0;0;0;1;0;0
"esperanssam";0;0;0;0;0;1;0;0;0;0;0;0
"esperar";0;0;1;0;0;0;0;0;0;0;1;0
"esperes";0;0;0;0;0;1;0;0;0;0;0;0
"espleia";0;0;0;0;0;0;0;0;0;1;0;0
"esser";0;0;0;0;1;0;0;0;0;0;0;0
"esta";0;0;1;0;0;0;0;0;0;0;0;0
"estaing";0;0;0;0;0;0;0;1;0;0;0;0
"estar";0;0;0;0;1;0;0;0;0;0;0;0
"estat";0;1;0;0;0;0;0;0;0;0;0;0
"estatz";0;0;0;0;0;0;0;0;0;0;1;0
"esters";0;0;0;1;0;0;0;0;0;0;0;0
"estia";0;0;0;0;0;0;0;0;0;0;1;1
"estiu";0;1;0;0;0;0;0;0;0;0;0;0
"estortz";0;0;0;0;1;0;0;0;0;0;0;0
"estraing";0;0;0;0;0;0;0;1;0;0;0;0
"estrais";0;0;0;0;1;0;0;0;0;0;0;0
"et";1;0;0;1;0;0;0;6;2;2;3;1
"etant";0;0;0;0;0;0;1;0;0;0;0;0
"etiran";0;0;0;0;0;0;0;0;0;1;0;0
"etz";0;0;0;0;0;0;0;0;1;0;0;0
"eu";0;0;0;0;1;0;0;0;1;1;0;1
"euauc";0;0;0;0;0;0;0;1;0;0;0;0
"eue";0;0;0;0;0;0;0;0;1;0;0;0
"euers";0;0;0;1;0;0;0;0;0;0;0;0
"eum";0;0;0;0;1;0;0;0;0;0;0;0
"euostra";0;0;0;0;0;0;0;0;1;0;0;0
"fai";1;0;1;2;2;1;0;0;1;0;0;1
"faich";0;0;0;0;0;1;1;1;1;3;1;1
"faicha";0;0;0;0;0;0;0;0;0;0;1;0
"faig";0;0;1;0;0;0;0;0;0;0;0;0
"faill";0;0;0;0;0;2;1;0;0;0;0;0
"faillison";0;0;0;0;0;0;0;0;0;1;0;0
"faillitz";0;1;0;0;0;0;0;0;0;0;0;0
"faire";0;0;0;0;0;0;1;0;0;0;0;0
"fais";0;1;0;0;2;0;0;0;0;0;0;0
"faissonan";0;0;0;0;0;0;0;0;0;0;1;0
"faissos";0;0;0;0;0;0;0;0;1;0;0;0
"faitz";1;1;0;0;1;0;0;0;2;0;0;0
"fallii";0;0;0;0;1;0;0;0;0;0;0;0
"fals";1;0;0;0;0;0;0;0;0;0;1;0
"falsa";0;1;0;0;0;0;0;0;0;0;0;0
"fams";1;0;0;0;0;0;0;0;0;0;0;0
"fan";0;0;0;0;0;0;0;2;0;0;0;0
"fant";2;0;0;0;0;0;0;0;0;0;0;0
"far";3;0;2;0;1;1;0;2;1;2;2;2
"fara";0;0;0;1;0;0;0;0;0;0;1;0
"farai";0;0;0;0;0;0;0;0;5;0;0;0
"faria";0;0;0;0;0;0;0;0;0;0;0;1
"fasa";0;0;0;0;0;0;0;1;0;0;0;0
"fasia";0;0;0;0;0;0;0;0;0;0;1;0
"fassa";0;0;1;0;0;0;1;1;0;1;0;0
"fassen";0;0;0;0;0;0;0;0;0;0;1;0
"fasson";1;0;0;0;0;0;0;0;0;0;0;0
"fastics";0;0;0;0;0;0;0;0;0;0;0;1
"fatz";0;0;0;0;0;0;0;0;1;0;0;1
"fe";0;0;0;0;0;0;0;0;1;0;0;0
"fedas";0;0;1;0;0;0;0;0;0;0;0;0
"feing";1;0;0;0;0;0;0;0;0;0;0;0
"feira";0;0;0;0;0;0;1;0;0;0;0;0
"fenina";0;0;1;0;0;0;0;0;0;0;0;0
"fenis";0;0;0;0;0;0;0;1;0;0;0;0
"fenissam";0;0;0;0;0;0;0;1;0;0;0;0
"ferm";0;0;0;0;0;0;0;0;0;0;1;0
"ferma";0;0;0;0;0;0;1;0;0;0;0;0
"fers";0;0;0;1;0;0;0;0;0;0;0;0
"fes";0;0;0;0;1;0;0;0;0;0;0;0
"fetz";0;0;0;2;0;0;1;0;0;0;2;0
"feuneia";0;0;0;0;0;0;0;0;0;1;0;0
"feunia";0;0;0;0;0;0;1;0;0;0;0;0
"fezes";0;0;0;0;0;0;1;2;1;0;0;0
"fiar";0;1;0;0;0;0;0;0;0;0;0;0
"fili";1;0;0;0;0;0;0;0;0;0;0;0
"fill";0;0;1;0;0;0;0;0;0;0;0;0
"fills";0;0;0;0;2;0;0;0;0;0;0;0
"fin";1;0;0;0;0;1;0;1;2;0;1;1
"fina";0;0;0;0;0;2;0;0;1;0;0;0
"fincor";0;0;0;0;0;0;0;0;1;0;0;0
"fior";0;0;1;0;0;0;0;0;0;0;0;0
"fis";0;0;0;1;0;0;0;0;0;0;0;0
"flor";0;1;0;0;0;0;0;0;0;0;0;0
"flors";2;0;0;0;1;1;0;0;0;0;0;0
"fo";0;0;0;3;3;2;0;0;0;0;0;0
"foillia";0;0;0;1;0;0;0;0;0;0;0;1
"fol";0;0;1;0;0;0;0;0;0;0;0;1
"fola";0;0;0;1;0;0;0;0;0;1;0;0
"folla";0;0;0;1;0;0;0;0;0;0;0;0
"follor";0;0;0;0;0;0;0;0;0;1;0;0
"follors";0;0;0;0;1;1;0;0;0;0;0;0
"fols";0;0;1;2;3;0;0;0;0;1;0;0
"fon";0;0;0;0;1;0;0;0;0;1;0;0
"fora";0;0;0;0;1;1;1;0;0;0;1;0
"formee";0;0;1;0;0;0;0;0;0;0;0;0
"foron";0;0;0;0;0;0;0;0;0;1;0;0
"forsa";0;0;0;0;0;1;0;0;0;0;0;0
"fort";0;0;0;0;0;0;1;0;0;0;1;0
"fortz";0;0;0;0;2;0;0;0;0;0;0;0
"fos";0;0;0;0;3;3;1;0;0;0;0;0
"fouz";0;0;0;1;0;0;0;0;0;0;0;0
"fraing";0;0;0;0;0;0;0;1;0;1;0;0
"francs";0;0;0;1;0;1;0;0;0;0;0;0
"franqessa";0;0;0;0;0;1;0;0;0;0;0;0
"franquesa";0;0;0;0;0;0;1;0;0;0;0;0
"freig";0;0;1;0;0;0;0;0;0;0;0;0
"fresc";0;0;1;0;0;0;0;0;0;0;0;0
"fruig";0;0;1;0;0;0;0;0;0;0;0;0
"fruitz";0;0;1;0;0;0;0;0;0;0;0;0
"fugis";0;0;0;0;0;0;0;1;0;0;0;0
"fui";0;2;0;1;1;0;0;0;0;0;1;0
"fuoc";0;0;0;1;0;0;0;0;0;0;0;0
"fuoilla";0;0;0;0;0;1;0;0;0;0;0;0
"gaban";0;0;0;1;0;0;0;0;0;0;0;0
"gabet";0;0;0;0;1;0;0;0;0;0;0;0
"gai";0;0;0;0;0;0;0;1;0;0;0;0
"gaire";0;1;0;0;0;0;0;0;0;0;0;1
"gais";0;0;0;0;1;1;0;0;0;0;0;0
"gaitz";0;1;0;0;0;0;0;0;0;0;0;0
"galiars";0;0;0;0;1;0;0;0;0;0;0;0
"galiatz";0;0;0;0;1;0;0;0;0;0;0;0
"galuaing";0;0;0;0;0;0;0;1;0;0;0;0
"gandas";0;0;0;0;1;0;0;0;0;0;0;0
"gandir";0;0;0;0;0;0;0;0;1;0;0;0
"gans";0;0;0;0;1;0;0;0;0;0;0;0
"gar";0;1;0;0;0;0;0;0;0;0;0;0
"gara";0;0;0;0;1;0;0;0;0;0;0;0
"gardacor";0;0;0;0;0;0;0;1;0;0;0;0
"gardador";1;0;0;0;0;0;0;0;0;0;0;0
"gardar";0;0;1;0;0;0;0;0;0;0;0;0
"gardes";0;0;0;0;0;1;0;0;0;0;0;0
"gardon";1;0;0;0;0;0;0;0;0;0;0;0
"garenta";0;0;0;0;0;0;0;0;0;0;1;0
"garentia";0;0;0;0;0;0;0;0;0;0;1;1
"gares";0;0;0;0;0;1;0;0;0;0;0;0
"garitz";0;1;0;0;0;0;0;0;0;0;0;0
"gars";1;0;0;0;0;0;0;0;0;0;0;0
"gasta";1;0;0;0;0;0;0;0;0;0;0;0
"gauzen";0;0;0;0;0;0;0;1;0;0;0;0
"gazaing";0;0;0;0;0;0;0;1;0;0;0;0
"gelos";1;0;0;0;0;0;0;0;1;0;0;0
"gen";2;1;1;0;1;0;0;1;0;0;3;3
"gens";0;0;3;0;1;0;0;0;0;1;0;0
"gerreia";0;0;0;0;0;0;0;0;0;1;0;0
"gerreiar";0;1;0;0;0;0;0;0;0;0;0;0
"gerriers";0;0;0;0;0;0;0;0;0;0;1;0
"ges";0;0;0;0;0;1;2;2;0;0;0;1
"gilos";1;0;0;0;0;0;0;0;0;0;0;0
"girbau";1;0;0;0;0;0;0;0;0;0;0;0
"girbaudo";1;0;0;0;0;0;0;0;0;0;0;0
"gnatz";0;0;0;0;1;0;0;0;0;0;0;0
"grais";0;0;0;0;1;0;0;0;0;0;0;0
"gran";1;0;0;0;0;0;1;0;1;1;0;2
"grand";1;0;0;0;0;0;0;0;0;0;0;0
"grans";1;1;0;1;1;0;0;0;0;0;0;2
"grat";0;0;0;0;0;0;0;0;0;0;0;1
"grauzir";0;0;0;0;0;0;0;0;0;1;0;0
"grazir";0;0;0;1;0;0;0;1;0;0;0;0
"grazirs";0;0;0;0;0;2;0;0;0;0;0;0
"grazitz";0;0;0;0;1;1;0;0;0;0;0;0
"greia";0;0;0;0;0;0;0;0;0;1;0;0
"greu";1;0;0;2;1;0;0;0;0;0;0;0
"greumen";0;0;0;0;0;0;0;1;0;0;0;0
"groc";1;0;0;0;0;0;0;0;0;0;0;0
"guia";0;0;0;0;0;0;1;0;0;0;1;0
"guida";0;0;0;0;0;0;0;0;0;0;1;0
"guizals";1;0;0;0;0;0;0;0;0;0;0;0
"guizerdon";0;0;0;0;0;0;0;0;0;1;0;0
"hi";0;0;0;0;0;0;0;0;0;1;0;0
"hoc";0;0;0;0;0;0;0;0;0;0;1;0
"hom";1;1;2;0;0;0;1;0;0;3;1;3
"home";0;0;0;0;0;0;0;0;1;0;0;0
"homen";0;0;1;0;0;0;0;0;0;0;0;1
"honor";0;0;0;0;0;0;0;0;0;1;0;0
"honors";0;0;0;0;1;1;0;0;0;0;0;0
"honranssa";0;0;0;0;0;0;0;0;1;0;0;0
"honrar";0;0;0;0;0;0;0;0;0;0;1;1
"hora";0;1;0;0;0;0;0;0;0;0;0;0
"humilmen";0;0;0;0;0;0;0;1;0;0;0;0
"humils";0;0;0;0;0;0;0;0;1;0;0;0
"huoili";0;0;0;0;0;0;0;1;0;0;0;0
"huoill";0;0;0;0;0;0;0;1;0;0;0;0
"huoills";0;0;0;1;0;0;0;1;0;0;0;0
"huoimais";0;0;0;0;0;0;0;0;0;0;1;0
"i";0;1;0;0;0;0;0;0;0;0;0;0
"ia";0;1;0;2;2;3;3;0;1;0;0;0
"iai";0;0;0;0;0;0;0;0;0;1;0;0
"iais";0;1;0;0;1;1;0;0;0;0;0;0
"ial";0;0;0;0;1;0;0;0;0;0;0;0
"ials";0;0;0;0;0;1;0;0;0;0;0;0
"iam";0;0;0;0;0;0;0;1;0;0;0;0
"ien";0;0;0;1;0;0;0;0;0;0;0;0
"ies";0;0;0;1;0;1;0;0;0;0;1;0
"ieu";2;1;0;1;0;1;3;2;15;0;0;0
"il";0;1;0;1;0;0;0;0;0;0;2;0
"ill";0;0;0;0;0;0;0;2;0;0;0;0
"intrar";0;2;1;0;0;0;0;0;0;0;0;0
"ioi";2;0;0;2;0;3;3;0;3;0;0;0
"ioios";0;0;0;1;0;1;0;0;0;0;0;0
"iois";0;0;0;1;0;2;0;0;0;0;0;0
"iorn";0;0;0;0;0;0;0;1;0;0;0;0
"iornal";0;0;0;0;0;0;0;0;0;0;0;1
"iorns";0;0;0;0;2;0;0;0;0;0;0;0
"iouen";1;0;1;0;0;0;0;0;0;0;0;0
"iouens";0;0;0;0;1;0;0;0;0;0;0;0
"iperdria";0;0;0;0;0;0;0;0;0;0;1;0
"ipert";0;0;0;0;0;0;0;0;0;1;0;0
"irada";0;0;0;0;0;1;0;0;0;0;0;0
"irai";0;0;0;0;0;0;0;0;0;1;0;0
"iratz";0;0;0;0;1;0;0;0;0;0;0;0
"issitz";0;1;0;0;0;0;0;0;0;0;0;0
"iurar";0;1;0;0;0;0;0;0;0;0;0;0
"iuratz";0;1;0;0;0;0;0;0;0;0;0;0
"iusta";0;0;0;0;1;0;0;0;0;0;0;0
"iutgan";0;0;0;0;0;0;0;0;0;0;1;0
"iutgatz";0;0;0;0;1;0;0;0;0;0;0;0
"ja";0;1;0;0;0;0;0;0;0;0;0;0
"jouens";0;1;0;0;0;0;0;0;0;0;0;0
"la";4;4;2;1;2;5;1;0;2;1;4;0
"labor";0;0;1;0;0;0;0;0;0;0;0;0
"lagues";0;0;0;0;0;0;1;0;0;0;0;0
"lai";0;1;0;2;1;0;1;2;0;2;0;1
"laignel";0;0;0;0;1;0;0;0;0;0;0;0
"lais";0;3;0;0;0;0;0;0;1;0;0;0
"laiss";1;0;0;0;0;0;0;0;0;0;0;0
"laissarials";0;0;0;0;1;0;0;0;0;0;0;0
"laisse";0;0;0;0;0;0;0;1;0;0;0;0
"lamar";0;1;0;0;0;0;0;0;0;0;0;0
"lamics";0;0;0;0;0;0;1;0;0;0;0;0
"lamor";0;0;0;0;0;0;0;0;0;0;0;1
"lamortz";0;0;0;0;0;0;0;0;0;0;0;1
"lan";0;0;0;0;0;0;0;0;0;0;1;0
"langor";1;0;0;0;0;0;0;0;0;0;0;0
"languen";0;0;0;0;0;0;0;1;0;0;0;0
"languir";0;0;0;0;0;0;0;0;1;0;0;0
"larteill";0;0;1;0;0;0;0;0;0;0;0;0
"las";3;0;1;0;1;0;0;0;0;0;0;0
"lassar";0;0;1;0;0;0;0;0;0;0;0;0
"latz";0;1;0;0;0;0;0;0;0;0;0;0
"lauen";0;0;0;0;0;0;0;0;0;0;0;1
"lauenc";0;0;0;0;0;0;0;1;0;0;0;0
"lauer";1;0;0;0;0;0;0;0;0;0;0;1
"lauers";0;0;0;0;1;0;0;0;0;0;0;0
"lauia";0;0;0;0;0;0;1;0;0;0;0;0
"laus";0;0;0;1;0;0;0;0;0;0;0;0
"lautre";0;0;0;0;0;0;0;0;1;0;0;0
"lautrui";1;0;0;0;0;0;0;0;0;0;0;1
"lauzar";0;0;0;0;0;0;0;1;0;0;0;0
"lauzeil";1;0;1;0;0;0;0;0;0;0;0;0
"lauzor";0;0;0;0;0;0;0;0;0;1;0;0
"lauzors";0;0;0;0;0;0;0;0;0;1;0;0
"lebrier";1;0;0;0;0;0;0;0;0;0;0;0
"lec";0;0;0;1;0;0;0;0;0;0;0;0
"leial";0;0;0;0;0;0;0;1;1;0;0;0
"lemperador";1;0;0;0;0;0;0;0;0;0;0;0
"lempostz";0;0;0;0;1;0;0;0;0;0;0;0
"len";0;0;0;1;0;0;0;0;0;0;0;0
"lenar";0;0;1;0;0;0;0;0;0;0;0;0
"lenemic";0;0;0;0;0;0;0;0;1;0;0;0
"lens";0;0;0;1;0;0;0;0;0;0;0;0
"lentendia";0;0;0;0;0;0;0;0;0;0;1;0
"lentresseing";1;0;0;0;0;0;0;0;0;0;0;0
"lerba";0;0;0;0;0;1;0;0;0;0;0;0
"lers";0;0;0;1;0;0;0;0;0;0;0;0
"lesciens";0;0;0;1;0;0;0;0;0;0;0;0
"lesmais";0;0;0;0;0;1;0;0;0;0;0;0
"lespeus";0;0;0;0;1;0;0;0;0;0;0;0
"letz";0;0;0;1;0;0;0;0;0;0;0;0
"leu";0;0;0;0;1;0;0;0;0;0;0;0
"leugiers";0;0;0;0;0;0;0;0;0;0;1;0
"leus";0;0;0;0;1;0;0;0;0;0;0;0
"li";5;1;2;0;0;4;2;2;0;3;0;0
"liars";0;0;0;1;0;0;0;0;0;0;0;0
"liei";0;0;0;0;2;0;0;0;0;0;0;0
"lieis";0;0;0;1;0;0;2;0;1;2;0;0
"lieus";0;0;0;1;0;0;0;0;0;0;0;0
"liges";0;0;0;1;0;0;0;0;0;0;0;0
"lignaures";0;0;0;1;0;0;0;0;0;0;0;0
"lima";0;0;1;0;0;0;0;0;0;0;0;0
"lipresenta";0;0;0;0;0;0;0;0;0;0;1;0
"lira";0;0;0;0;0;1;0;0;0;0;0;0
"lisospir";0;0;0;0;0;0;0;0;0;0;0;1
"lo";4;1;2;0;4;1;0;1;0;0;1;2
"lobra";0;0;0;1;0;0;0;0;0;0;0;0
"lodol";0;0;0;0;0;0;0;0;0;0;0;1
"logal";0;0;0;0;0;0;0;0;0;0;0;1
"loi";0;0;0;0;1;0;0;0;0;0;0;0
"loignatz";0;0;0;0;0;1;0;0;0;0;0;0
"loignor";1;0;0;0;0;0;0;0;0;0;0;0
"loil";0;0;0;1;0;0;0;0;0;0;0;0
"loill";0;0;0;1;0;0;0;0;0;0;0;0
"loing";0;0;0;2;0;0;0;0;0;0;0;0
"lom";0;0;0;0;0;0;0;0;0;1;0;0
"lomal";0;0;0;0;0;0;0;1;0;0;0;0
"lomals";0;0;0;0;0;0;1;0;0;0;0;0
"lomon";0;0;0;0;0;0;1;0;0;0;0;0
"lonc";0;0;0;0;0;0;1;0;0;0;0;1
"longamen";0;0;0;0;0;0;0;0;0;1;0;0
"lop";0;0;1;0;0;0;0;0;0;0;0;0
"lopert";0;0;0;0;0;0;1;0;0;0;0;0
"lor";2;1;0;0;1;1;0;1;0;0;0;0
"lorgoillosa";0;0;0;0;0;0;0;0;0;0;1;0
"los";0;1;1;0;2;1;0;2;0;0;0;0
"lui";0;0;0;0;0;0;0;1;0;1;0;0
"luoc";1;0;0;0;0;0;0;0;0;0;0;0
"luocs";0;0;0;0;0;2;0;0;0;0;0;0
"lur";1;0;0;0;0;0;0;0;0;0;0;0
"luzen";0;0;0;0;0;0;0;1;0;0;0;0
"luzir";0;0;0;0;0;0;0;1;0;0;0;0
"ma";1;0;0;1;0;1;1;1;2;0;2;1
"macompaing";0;0;0;0;0;1;0;0;0;0;0;0
"madompna";0;0;0;0;0;0;1;0;0;0;0;0
"maduria";0;0;0;1;0;0;0;0;0;0;0;0
"magrezisc";0;0;0;2;0;0;0;0;0;0;0;0
"magrops";0;0;0;0;0;0;0;1;0;0;0;0
"magues";0;0;0;0;0;1;0;0;0;0;0;0
"mainberta";0;0;1;0;0;0;0;0;0;0;0;0
"mains";0;0;1;0;2;1;0;0;0;0;0;0
"maint";0;0;2;0;0;0;0;0;0;0;0;0
"maintas";0;0;0;0;0;0;0;0;0;0;0;1
"maior";0;0;0;0;0;0;0;0;0;1;0;0
"mais";0;1;0;2;0;2;2;2;1;1;0;0
"mal";0;0;2;1;0;0;1;0;0;1;3;1
"mala";0;0;1;0;0;0;0;0;0;0;0;0
"malananssa";0;0;0;0;0;0;0;0;1;0;0;0
"malestar";0;0;0;0;0;0;0;0;0;0;1;0
"maleuia";0;0;0;0;1;0;0;0;0;0;0;0
"maleus";0;0;0;0;1;0;0;0;0;0;0;0
"malmenatz";0;0;0;0;0;0;0;0;0;1;0;0
"malmenet";0;0;0;0;0;0;0;0;0;0;1;0
"malmet";0;0;0;0;0;0;0;0;0;1;0;0
"malpres";0;0;0;0;0;0;0;1;0;0;0;0
"mals";1;0;0;0;0;0;0;0;1;0;0;0
"maluatz";0;0;0;0;0;0;0;0;0;0;1;0
"mame";0;0;0;0;0;0;0;0;0;1;0;0
"mamor";0;0;0;0;0;0;1;0;0;0;0;0
"mamors";0;0;0;1;0;0;0;0;0;0;0;0
"manceus";0;0;0;0;1;0;0;0;0;0;0;0
"mandamen";0;0;0;0;0;0;0;1;0;0;0;0
"mandat";0;0;0;0;0;1;0;0;0;0;0;0
"manei";0;0;0;0;0;0;0;0;0;0;1;0
"mangoisseron";0;0;0;0;0;0;0;0;0;0;0;1
"mania";1;0;0;0;0;0;0;0;0;0;0;0
"maniars";0;0;0;0;1;0;0;0;0;0;0;0
"mans";0;0;0;1;1;0;0;0;0;0;0;0
"mante";0;0;0;0;0;0;0;0;1;0;0;0
"mantener";0;0;0;0;0;0;0;0;0;0;0;1
"manteus";0;0;0;0;1;0;0;0;0;0;0;0
"mapareill";0;0;0;1;0;0;0;0;0;0;0;0
"maragde";0;0;0;0;0;0;0;1;0;0;0;0
"maria";1;0;0;0;0;0;0;0;0;0;0;0
"marit";1;0;1;0;0;0;0;0;0;0;0;0
"maritz";1;1;0;0;0;0;0;0;0;0;0;0
"mars";0;0;0;1;0;0;0;0;0;0;0;0
"mas";3;3;3;2;6;1;2;5;3;3;2;3
"matur";0;0;0;0;0;0;0;1;0;0;0;0
"mauci";0;0;0;0;0;0;1;0;0;0;0;0
"maucia";0;0;0;0;0;0;1;0;1;0;1;0
"maucietz";0;0;0;0;0;0;0;0;1;0;0;0
"maudia";0;0;0;0;0;0;0;0;0;0;1;0
"mauetz";0;0;0;0;0;0;1;0;0;0;0;0
"mauida";0;0;0;0;0;0;0;0;1;0;0;0
"mautreia";0;0;0;0;0;0;0;0;0;1;1;0
"me";0;1;0;1;0;2;1;0;0;0;0;0
"meillor";0;0;1;0;0;0;0;0;0;0;0;0
"meillura";0;0;0;0;0;1;0;0;0;0;0;0
"meilluran";0;0;0;1;0;0;0;0;0;0;0;0
"meillurar";0;0;1;0;0;0;0;0;0;0;1;0
"meins";0;1;0;0;0;0;0;0;0;0;0;0
"membre";0;0;0;0;0;0;0;0;0;1;0;0
"men";1;0;0;1;2;0;4;0;0;2;3;0
"mendeuria";0;0;0;0;0;0;0;0;0;0;0;1
"menor";0;0;1;0;0;0;0;0;0;0;0;0
"ment";0;1;0;0;0;0;0;0;0;0;0;0
"menten";0;0;0;0;0;0;0;0;1;0;0;0
"mentendia";0;0;0;0;0;0;0;0;0;0;1;0
"mententa";0;0;0;0;0;0;0;0;0;0;1;0
"mentir";0;0;0;0;0;0;0;1;0;0;0;0
"menuoi";0;0;0;1;0;0;0;0;0;0;0;0
"menutz";0;0;0;0;1;0;0;0;0;0;0;0
"mera";0;0;0;0;2;1;0;0;0;0;0;0
"merce";0;0;0;2;0;0;0;0;1;0;0;0
"merceia";0;0;0;0;0;0;0;0;0;1;0;0
"merceiars";0;0;0;0;0;1;0;0;0;0;0;0
"merces";0;0;0;1;0;0;1;1;1;1;0;0
"mers";0;0;0;1;0;0;0;0;0;0;0;0
"mes";3;0;0;0;2;0;0;0;0;0;0;1
"mescabar";0;0;0;0;0;1;0;0;0;0;0;0
"mesclan";0;0;0;0;0;0;0;0;0;0;1;0
"mespauenta";0;0;0;0;0;0;0;0;0;0;1;0
"messatgiers";0;0;0;0;0;0;0;0;0;0;1;0
"messios";0;0;0;0;0;1;0;0;0;0;0;0
"messongiers";0;0;0;0;0;0;0;0;0;0;1;0
"mestrais";0;0;0;0;1;0;0;0;0;0;0;0
"met";2;0;0;0;1;0;0;0;0;1;0;0
"meuaual";0;0;0;0;0;0;0;0;0;0;1;0
"mi";1;7;0;3;6;2;2;0;2;1;2;1
"micha";0;0;0;1;0;0;0;0;0;0;0;0
"miei";0;1;0;0;0;0;0;1;1;1;0;1
"mieills";0;1;0;0;0;0;0;0;0;0;0;0
"mieils";0;0;0;0;0;0;0;0;0;0;0;1
"mieu";0;0;0;0;0;0;0;1;0;0;0;0
"mil";0;1;0;0;0;0;0;0;0;0;0;0
"mintret";0;0;0;0;0;0;0;0;0;0;0;1
"mirais";0;0;0;0;1;0;0;0;0;0;0;0
"moc";0;0;0;1;0;0;0;0;0;0;0;0
"moiller";1;0;0;0;0;0;0;0;0;0;0;0
"moillerat";3;0;0;0;0;0;0;0;0;0;0;0
"moilleratz";1;0;0;0;0;0;0;0;0;0;0;0
"mon";0;0;2;0;1;1;2;0;4;2;1;1
"monra";0;0;0;0;0;0;0;0;0;0;1;0
"morie";1;0;0;0;0;0;0;0;0;0;0;0
"morir";0;0;0;0;0;0;0;1;1;0;0;0
"morseus";0;0;0;0;1;0;0;0;0;0;0;0
"mort";0;0;1;0;0;0;0;1;0;0;0;0
"mortal";0;0;0;0;0;0;0;0;0;0;0;1
"mortz";0;0;1;0;1;0;0;0;0;0;0;0
"mos";0;1;0;4;4;1;0;1;0;2;3;0
"mostran";0;0;0;0;1;0;0;0;0;0;0;0
"mostrar";0;0;1;0;0;0;0;0;1;0;0;0
"mostret";0;0;0;0;1;0;0;0;0;1;0;0
"mot";0;0;1;0;0;0;0;0;0;0;0;0
"motz";0;0;1;0;0;0;0;0;0;0;0;1
"mou";0;0;0;1;1;0;0;0;0;0;0;0
"mouon";0;0;0;0;0;0;0;0;1;0;0;0
"mout";0;0;0;0;0;0;0;1;0;1;0;1
"mudar";0;1;0;0;0;0;0;0;0;0;0;0
"mut";0;0;0;0;0;0;1;0;0;0;0;0
"nagues";0;0;0;0;0;1;0;0;0;0;0;0
"nai";0;0;0;0;0;1;0;0;0;0;0;0
"nais";0;1;1;0;1;1;0;0;0;0;0;0
"naisson";1;0;1;0;0;0;0;0;0;0;0;0
"nalens";0;0;1;0;0;0;0;0;0;0;0;0
"nant";0;1;0;0;0;0;0;0;0;0;0;0
"naturai";0;0;0;0;0;0;0;0;0;0;0;1
"naturau";1;0;0;0;0;0;0;0;0;0;0;0
"natz";0;1;0;0;0;0;0;0;0;0;0;0
"nauch";0;0;0;0;0;0;0;0;1;0;0;0
"nazec";0;0;1;0;0;0;0;0;0;0;0;0
"nec";0;0;2;0;0;0;0;0;0;0;0;0
"necis";0;0;0;1;0;0;0;0;0;0;0;0
"negus";0;0;1;0;0;0;0;0;0;0;0;0
"nera";0;0;0;0;1;0;0;0;0;0;0;0
"neras";0;0;0;1;0;0;0;0;0;0;0;0
"nescamparai";0;0;0;1;0;0;0;0;0;0;0;0
"nesci";0;0;0;0;0;0;0;0;0;0;1;0
"nestauc";0;0;0;0;0;1;0;0;0;0;0;0
"ni";4;0;4;3;9;9;8;2;4;6;3;3
"nibon";0;0;0;0;0;0;0;0;0;1;0;0
"nil";0;0;0;0;1;1;0;1;0;1;0;0
"nilai";0;0;0;0;0;0;0;0;1;0;0;0
"nilen";0;0;0;0;0;0;1;0;0;0;0;0
"nilenuir";0;0;0;0;0;0;1;0;0;0;0;0
"nim";0;0;0;1;0;0;1;1;0;0;0;0
"nimauenc";0;0;0;0;0;0;0;0;0;0;0;1
"nimee";0;0;0;1;0;0;0;0;0;0;0;0
"nin";0;0;0;1;0;0;0;0;0;0;0;0
"nira";0;0;0;0;1;0;0;0;0;0;0;0
"nirais";0;1;0;0;0;0;0;0;0;0;0;0
"nis";0;0;0;0;1;1;0;0;0;0;0;0
"nisasenta";0;0;0;0;0;0;0;0;0;0;1;0
"no";2;1;1;1;0;0;1;0;0;0;0;0
"nogut";0;0;0;0;0;0;1;0;0;0;0;0
"noi";0;1;2;0;0;0;0;1;0;1;2;0
"noil";0;0;0;0;0;2;0;1;0;1;0;0
"noill";1;0;0;0;1;0;0;1;0;0;0;0
"noiritz";0;1;0;0;0;0;0;0;0;0;0;0
"nois";0;0;0;0;1;0;0;0;1;1;1;2
"nol";1;1;0;0;0;1;0;0;0;0;0;1
"nolsauia";0;0;0;0;0;0;0;0;1;0;0;0
"nom";1;1;0;2;4;7;5;2;3;1;2;1
"nomaiut";0;0;0;0;0;0;1;0;0;0;0;0
"nomen";0;0;0;0;0;0;1;1;1;0;0;1
"nomes";0;0;0;0;0;0;0;0;1;0;0;0
"non";3;8;14;7;8;8;8;2;9;6;9;7
"nonport";0;0;0;0;0;0;0;0;1;0;0;0
"nonpot";0;0;0;0;0;0;0;1;0;0;0;0
"nonsens";0;0;0;0;0;0;0;0;0;0;0;1
"nos";1;0;0;1;0;0;0;0;0;0;1;0
"nosesforsa";0;0;0;0;0;0;0;0;0;0;0;1
"nostre";1;0;0;0;0;0;1;0;0;0;0;0
"notz";0;0;0;0;0;0;1;0;0;0;0;0
"nouellamen";1;0;0;0;0;0;0;0;0;0;0;0
"noues";0;0;1;0;0;0;0;0;0;0;0;0
"noueus";0;0;0;0;1;0;0;0;0;0;0;0
"nous";0;0;0;0;1;0;0;0;0;0;0;2
"nozeria";0;0;0;0;0;0;1;0;0;0;0;0
"nozia";0;0;0;0;0;0;0;0;0;0;0;1
"nuill";0;0;0;0;0;0;1;2;1;0;0;0
"nuilla";0;0;0;0;0;0;0;0;0;0;2;0
"nuills";1;0;1;1;0;0;1;0;0;0;1;0
"nuoich";0;0;0;0;0;0;0;0;1;0;1;0
"nuoig";0;0;0;0;0;0;0;0;1;0;0;0
"o";0;0;0;1;0;0;0;0;0;0;0;0
"obedien";0;0;0;0;0;0;0;1;0;0;0;0
"obedir";0;0;0;0;0;0;0;0;0;0;0;1
"obezir";0;0;0;0;0;0;0;1;0;0;0;0
"oblit";0;0;0;0;1;0;0;0;0;0;0;0
"obra";0;0;0;0;0;1;0;0;0;0;0;0
"ochaion";0;0;0;0;0;0;0;0;0;1;0;0
"ogan";0;0;0;0;0;0;0;0;0;0;1;0
"oill";0;0;0;0;0;0;0;0;1;0;0;0
"on";1;2;0;2;1;0;0;1;0;2;1;2
"onqieu";0;0;0;0;0;0;0;0;0;0;0;1
"onrar";0;0;0;0;0;0;0;1;0;0;0;0
"openria";0;0;0;0;0;0;1;0;0;0;0;0
"orgoillos";0;0;0;0;0;1;0;0;0;1;0;0
"orguoills";0;0;0;0;0;1;0;0;0;0;0;0
"ortz";0;0;0;0;1;0;0;0;0;0;0;0
"pairs";0;0;0;0;1;0;0;0;0;0;0;0
"pais";0;0;0;0;0;2;0;0;0;0;0;0
"paisser";0;0;1;0;0;0;0;0;0;0;0;0
"pan";1;0;0;0;0;0;0;0;0;0;0;0
"par";0;0;2;0;0;4;0;0;0;0;1;0
"parec";0;0;0;1;0;1;0;0;0;0;0;0
"paria";0;0;0;0;0;0;0;0;0;0;1;0
"paris";0;0;0;0;1;0;0;0;0;0;0;0
"parlan";0;0;0;0;0;0;0;0;0;0;1;0
"parlar";0;0;1;0;0;0;0;0;0;0;0;0
"parlars";0;0;0;2;0;0;0;0;0;0;0;0
"parliers";0;0;0;0;0;0;0;0;0;0;1;0
"pars";0;0;0;1;1;1;0;0;0;0;0;0
"parsoniers";0;0;0;0;0;0;0;0;0;0;1;0
"part";0;0;0;1;1;0;0;0;0;1;0;0
"parta";0;0;0;0;0;0;1;0;0;0;0;0
"partis";0;0;0;0;0;0;1;0;0;0;0;0
"partria";0;0;0;0;0;0;1;0;0;0;0;0
"paruen";0;0;0;0;0;0;0;1;0;0;0;0
"pas";1;0;0;0;0;0;0;0;0;0;0;0
"pascors";0;0;0;0;1;0;0;0;0;0;0;0
"passar";0;1;0;0;0;0;0;0;0;0;0;0
"passat";0;0;0;0;0;0;0;0;0;1;0;0
"passes";0;0;0;0;0;1;0;0;0;0;0;0
"pastor";0;0;1;0;0;0;0;0;0;0;0;0
"patz";0;1;0;0;1;0;0;0;0;0;0;0
"paubrieire";0;0;0;0;1;0;0;0;0;0;0;0
"pauc";0;1;0;2;0;0;0;0;1;0;0;0
"pauca";0;0;0;0;0;0;0;0;0;1;0;0
"pauses";0;0;0;0;0;0;0;0;0;0;1;0
"pechatz";0;1;0;0;0;0;0;0;0;0;0;0
"peior";0;0;1;0;0;0;0;0;0;0;0;0
"peire";0;0;0;0;0;0;0;0;0;0;0;1
"pel";1;0;0;0;0;0;0;0;0;0;0;0
"pels";0;0;0;0;0;1;0;0;0;0;0;0
"pena";0;0;0;0;1;0;0;0;0;0;0;0
"penas";0;0;0;0;1;0;0;0;0;0;0;0
"penes";0;0;0;0;0;1;0;0;0;0;0;0
"pens";0;1;0;0;0;0;1;0;0;1;0;0
"pensan";0;0;0;1;0;0;0;0;0;1;0;0
"penses";0;0;0;0;0;1;0;0;0;0;0;0
"penssan";0;0;0;0;0;0;0;1;0;0;0;0
"penssar";0;0;0;0;0;1;0;0;0;1;0;1
"penssars";0;0;0;1;0;0;0;0;0;0;0;0
"per";2;4;3;6;6;2;7;4;1;5;7;4
"perdes";0;0;0;0;0;0;1;0;0;0;0;0
"perdon";0;0;0;0;0;0;0;0;0;1;0;0
"perdria";0;0;0;0;0;0;1;0;0;0;0;0
"perdut";0;0;0;0;0;0;1;0;0;0;0;0
"perlor";0;0;0;0;0;0;0;1;0;0;0;0
"pero";0;1;0;0;0;2;0;1;0;0;0;1
"perqe";0;0;0;0;0;0;0;0;0;2;0;0
"perqel";0;0;1;0;0;0;0;0;0;0;0;0
"perque";0;0;1;0;1;0;0;1;0;0;0;0
"persom";0;0;1;0;0;0;0;0;0;0;0;0
"pert";0;0;0;1;0;0;0;0;0;0;0;0
"pertant";0;0;0;0;0;0;0;0;0;0;0;1
"pesanssa";0;0;0;0;0;0;0;0;1;0;0;0
"pessamen";0;0;0;0;0;0;0;0;1;0;0;0
"petit";0;0;0;1;0;0;0;0;0;0;0;0
"petitz";0;0;0;0;0;0;1;0;0;0;0;0
"picha";0;0;0;1;0;0;0;0;0;0;0;0
"pieier";0;0;0;1;0;0;0;0;0;0;0;0
"pieitz";0;0;0;0;0;0;0;2;0;1;0;0
"plagra";0;0;0;0;0;1;0;0;0;0;0;0
"plagues";0;0;0;0;0;0;2;1;0;0;1;0
"plai";0;0;1;0;0;0;0;0;0;0;0;0
"plaich";0;0;0;0;0;0;0;0;0;0;0;1
"plaideia";0;0;0;0;0;0;0;0;0;2;0;0
"plaideiars";0;0;0;0;0;0;0;0;0;1;0;0
"plaig";0;0;0;0;1;0;0;0;0;0;0;0
"plaing";0;0;0;0;0;0;0;1;0;0;0;0
"plais";0;1;0;0;0;0;0;0;0;0;0;0
"plaitz";0;1;0;0;0;0;0;0;0;0;1;0
"platz";0;1;0;0;0;0;0;1;0;0;0;0
"plazen";0;0;0;0;0;0;0;1;0;0;1;0
"plazens";0;0;0;0;0;0;0;0;1;0;0;0
"plazentiers";0;0;0;0;0;0;0;0;0;0;1;0
"plazer";0;0;0;0;0;0;0;0;1;1;0;0
"plazers";0;0;0;0;0;0;0;1;0;0;0;0
"plaziam";0;0;0;0;1;0;0;0;0;0;0;0
"pleia";0;0;0;0;0;0;0;0;0;1;0;0
"pleuitz";0;1;0;0;0;0;0;0;0;0;0;0
"plus";0;0;0;3;0;3;1;2;0;2;2;4
"pnosc";0;0;0;0;0;0;0;0;1;0;0;0
"poc";0;0;0;0;1;0;0;0;0;0;0;0
"poder";0;0;0;0;0;0;0;0;0;0;0;1
"poders";0;0;0;0;0;1;0;0;0;0;0;0
"poges";0;0;0;0;0;0;0;0;0;0;0;1
"pogra";0;0;0;0;0;0;0;0;0;0;0;1
"pogues";0;0;0;0;0;0;1;1;0;1;0;0
"poia";0;0;0;0;0;0;0;0;0;2;0;0
"poigna";0;0;0;0;0;0;0;0;1;0;0;0
"poignar";0;0;0;0;0;0;0;1;0;0;0;0
"poigner";0;0;0;0;0;1;0;0;0;0;0;0
"poirai";0;0;0;0;0;0;0;0;1;0;0;0
"poiria";0;0;0;0;0;0;1;0;0;0;1;0
"poirida";0;0;1;0;0;0;0;0;0;0;0;0
"pois";1;0;1;3;2;1;0;0;0;0;1;1
"porrai";0;1;0;0;0;0;0;0;0;0;0;0
"port";0;0;0;0;0;0;0;0;0;0;0;1
"porta";0;0;1;0;0;0;0;0;0;0;0;0
"portal";1;0;0;0;0;0;0;0;0;0;0;1
"portera";0;0;0;0;0;1;0;0;0;0;0;0
"portiers";0;1;0;0;0;0;0;0;0;0;0;0
"portz";0;0;0;0;1;0;0;0;0;0;0;0
"pos";0;0;3;0;1;0;1;0;0;0;0;0
"posca";0;1;0;0;0;0;0;0;0;0;0;0
"pot";0;1;3;0;0;0;0;0;1;0;1;3
"poz";0;0;0;1;0;0;0;0;0;0;0;0
"praiars";0;0;0;1;0;0;0;0;0;0;0;0
"pratz";0;0;0;0;1;0;0;0;0;0;0;0
"prec";0;0;0;0;0;0;0;0;1;0;0;0
"precs";0;0;0;0;1;1;0;0;0;0;0;0
"prein";1;0;0;0;0;0;0;0;0;0;0;0
"preitz";0;0;0;0;0;0;0;1;0;0;0;0
"pren";1;0;0;0;1;0;0;1;0;1;0;0
"pres";0;1;0;1;1;0;0;2;0;1;0;0
"pretz";1;0;6;1;1;2;1;0;0;3;1;0
"prezatz";0;0;0;0;1;0;0;0;0;0;0;0
"prezon";0;1;0;0;0;0;0;0;0;0;0;0
"prima";0;0;1;0;0;0;0;0;0;0;0;0
"prims";0;0;0;0;0;0;0;0;0;0;1;0
"pro";0;0;0;0;0;1;0;0;0;2;0;0
"proar";0;0;1;0;0;0;0;0;0;0;0;0
"proat";0;0;0;0;0;0;1;0;0;0;0;0
"proatz";0;0;0;0;1;0;0;0;0;0;0;0
"proesa";0;0;0;0;1;0;0;0;0;0;0;0
"pron";0;0;0;0;0;0;0;0;0;1;0;0
"pros";1;0;0;0;0;1;0;0;0;1;1;0
"puoc";0;1;0;0;0;0;0;0;0;0;0;0
"puoi";0;0;1;0;0;0;0;0;0;0;0;0
"puois";0;0;1;0;3;0;2;1;0;0;0;0
"puosc";1;2;0;0;0;1;1;1;2;0;0;0
"puosca";0;0;0;0;0;0;0;0;1;0;1;0
"qa";0;0;0;0;0;0;0;0;0;1;0;2
"qabon";0;0;0;0;0;0;0;0;0;1;0;0
"qai";0;0;0;0;0;0;0;0;0;1;0;0
"qaman";0;0;0;0;0;0;0;0;0;0;1;0
"qamon";0;0;0;0;0;0;0;1;0;0;0;0
"qamors";0;0;0;0;0;0;0;0;0;0;1;0
"qan";0;2;3;3;3;1;1;2;0;1;1;0
"qanc";0;0;1;0;0;0;0;0;0;0;0;0
"qand";1;1;0;0;2;0;0;0;0;0;0;3
"qanz";0;0;0;0;0;1;0;0;0;0;0;0
"qaura";0;0;0;0;1;0;0;0;0;0;0;0
"qe";1;0;0;0;1;3;0;0;2;2;0;0
"qec";0;0;0;0;0;0;1;0;0;0;0;0
"qecs";0;0;0;0;0;0;0;1;1;0;0;0
"qeil";1;0;1;1;1;0;0;1;0;1;1;1
"qeira";0;0;0;0;0;0;0;0;0;1;0;0
"qeis";1;0;3;0;1;3;0;0;0;0;0;0
"qel";1;0;2;0;0;0;0;2;0;3;2;0
"qelam";0;0;0;0;1;0;0;0;0;0;0;0
"qella";0;0;0;0;0;0;0;1;0;0;0;0
"qelmon";0;0;0;0;0;0;0;0;0;0;1;0
"qels";0;0;0;0;0;1;0;0;0;0;0;0
"qem";0;0;0;1;4;0;3;2;5;1;2;2
"qen";0;2;1;6;0;0;0;1;1;1;4;1
"qenbaillia";0;0;0;0;0;0;0;0;1;0;0;0
"qenseingn";0;0;1;0;0;0;0;0;0;0;0;0
"qentendant";0;0;1;0;0;0;0;0;0;0;0;0
"qentot";0;0;0;0;0;0;1;0;0;0;0;0
"qentre";0;0;0;0;1;0;0;0;0;0;0;0
"qentrels";0;0;0;0;1;0;0;0;0;0;0;0
"qera";0;0;0;1;0;0;0;0;0;0;0;0
"qeram";0;0;0;0;1;0;0;0;0;0;1;0
"qeras";0;0;0;0;1;0;0;0;0;0;0;0
"qerre";0;0;0;1;0;0;0;0;0;1;0;0
"qes";1;0;0;0;0;0;0;0;0;0;0;0
"qet";0;0;0;1;0;0;0;0;0;0;1;0
"qi";0;0;0;0;1;0;0;0;0;0;0;0
"qier";0;1;0;1;0;0;0;0;0;0;0;0
"qieu";1;4;1;1;1;1;3;2;0;1;7;2
"qieus";0;0;0;0;0;0;0;0;0;0;0;1
"qil";0;0;0;0;0;0;0;0;0;3;0;0
"qils";0;0;0;0;0;1;0;0;0;0;0;0
"qim";0;0;0;0;0;0;0;0;0;0;0;1
"qinz";0;0;0;0;0;0;0;0;0;0;1;0
"qnc";0;1;0;0;0;0;0;0;0;0;0;0
"quand";1;0;0;0;0;0;0;0;0;0;0;0
"que";5;4;7;10;9;14;16;8;15;9;14;3
"queel";0;0;0;0;0;0;0;0;0;0;0;1
"queeu";0;0;0;0;0;0;1;0;0;0;0;0
"quelamics";0;0;0;0;0;0;1;0;0;0;0;0
"quen";0;0;0;0;0;0;0;0;0;1;0;0
"quers";0;0;0;1;0;0;0;0;0;0;0;0
"questiers";0;0;0;0;0;0;0;0;0;1;0;0
"queu";0;0;0;0;0;0;0;0;1;0;0;1
"qui";1;1;1;2;1;3;0;3;1;1;1;3
"quieu";0;2;0;0;0;0;0;0;0;0;0;0
"quii";0;0;0;0;0;0;0;0;0;1;0;0
"quil";0;0;0;0;0;0;0;0;0;0;1;0
"quis";0;1;0;0;0;0;0;0;0;0;0;0
"quo";0;0;0;0;0;0;0;0;0;0;0;1
"qus";0;0;1;0;0;0;0;0;0;0;0;0
"ram";1;0;0;0;0;0;0;0;0;0;0;0
"rars";0;0;0;1;0;0;0;0;0;0;0;0
"razon";0;0;1;0;1;0;0;0;0;1;0;0
"razonar";0;0;0;0;0;1;0;0;0;0;0;0
"razones";0;0;0;0;0;1;0;0;0;0;0;0
"razos";0;1;0;0;0;1;0;0;0;0;0;0
"re";0;0;0;0;0;0;1;0;0;0;0;0
"recobrar";0;0;0;0;0;1;0;0;0;0;0;0
"recreia";0;0;0;0;0;0;0;0;0;1;0;0
"recrezen";1;0;0;0;0;0;0;0;0;0;0;0
"refers";0;0;0;1;0;0;0;0;0;0;0;0
"refraing";0;0;0;0;0;0;0;1;0;0;0;0
"reis";1;0;0;0;0;0;0;0;0;0;0;0
"remaigna";0;0;0;1;0;0;0;0;0;0;0;0
"remaing";0;0;0;0;0;0;0;1;0;0;0;0
"remaner";0;0;0;0;0;0;0;0;0;0;0;1
"remases";0;0;0;0;0;1;0;0;0;0;0;0
"remir";0;0;0;0;0;0;0;0;0;0;0;1
"ren";0;0;1;2;0;0;1;1;2;1;2;0
"repayma";0;0;1;0;0;0;0;0;0;0;0;0
"repenta";0;0;0;0;0;0;0;0;0;0;1;0
"res";0;0;0;1;0;0;0;1;0;1;0;1
"resortz";0;0;0;0;1;0;0;0;0;0;0;0
"resplandir";0;0;0;0;0;0;0;1;0;0;0;0
"resson";0;0;0;0;0;0;0;0;0;1;0;0
"restaura";0;0;0;0;0;0;0;0;0;0;1;0
"reten";0;0;0;0;1;0;0;0;0;0;0;0
"retenir";0;0;0;0;0;0;0;0;1;0;0;0
"retrais";0;0;0;0;1;0;0;0;0;0;0;0
"retrar";0;0;0;0;0;0;0;0;0;0;1;0
"reuerta";0;0;1;0;0;0;0;0;0;0;0;0
"reuiu";0;1;0;0;0;0;0;0;0;0;0;0
"ri";0;0;0;0;1;0;0;0;0;0;0;0
"ric";0;0;1;0;0;0;1;0;0;0;0;0
"richa";0;0;0;1;0;0;0;0;0;0;0;0
"ricors";0;0;0;0;0;1;0;0;0;0;0;0
"rics";0;0;0;0;1;0;0;0;0;1;0;0
"rictat";0;0;0;0;0;0;0;0;1;0;0;0
"rocha";0;1;0;0;0;0;0;0;0;0;0;0
"sa";1;0;2;0;0;1;1;0;0;0;4;0
"sab";0;0;0;1;0;0;0;0;0;0;0;0
"saber";0;0;0;2;0;1;0;0;1;0;0;2
"sabers";0;0;1;0;0;0;0;0;0;0;0;0
"sabon";0;0;1;0;0;0;0;0;0;0;0;0
"sabor";1;0;2;0;0;0;0;0;0;0;0;0
"sabretz";0;0;0;0;1;0;0;0;0;0;0;0
"sabria";0;0;0;0;0;0;0;0;0;0;0;2
"sabricha";0;0;0;1;0;0;0;0;0;0;0;0
"sacsetz";0;0;0;0;0;0;0;0;0;0;0;1
"saficha";0;0;0;1;0;0;0;0;0;0;0;0
"safraing";0;0;0;0;0;0;0;1;0;0;0;0
"safrais";0;0;0;0;1;0;0;0;0;0;0;0
"sagenssa";0;0;0;0;0;1;0;0;0;0;0;0
"sagramen";0;1;0;0;0;0;0;0;0;0;0;0
"sai";0;1;0;0;0;0;1;0;1;0;0;2
"saicel";0;0;0;0;0;0;0;0;0;1;0;0
"sainta";1;0;0;0;0;0;0;0;0;0;0;0
"salegra";0;0;0;1;0;0;0;0;0;0;0;0
"saluador";1;0;0;0;0;0;0;0;0;0;0;0
"samador";0;0;0;0;0;1;0;0;0;0;0;0
"samor";0;0;0;0;0;0;0;0;0;0;1;0
"samors";0;0;0;0;0;0;1;0;0;0;0;0
"san";0;0;0;1;0;0;0;0;0;0;0;0
"sap";0;0;1;0;0;1;1;2;0;0;0;1
"saparenta";0;0;0;0;0;0;0;0;0;0;1;0
"sapel";0;0;0;0;0;1;0;0;0;0;0;0
"sas";0;0;0;0;1;0;0;0;0;0;0;0
"sataing";0;0;0;0;0;0;0;1;0;0;0;0
"sauais";0;1;0;0;1;1;0;0;0;0;0;0
"sauaric";0;0;0;0;0;0;1;1;0;0;0;0
"sauen";0;0;0;0;1;0;0;0;0;0;0;0
"sauenia";0;0;0;0;0;1;0;0;0;0;0;0
"saup";0;0;0;0;0;0;0;0;0;0;1;0
"sazos";0;0;0;0;0;2;0;1;0;0;0;0
"sciensa";0;0;0;0;0;0;0;0;0;0;0;1
"se";0;0;0;0;0;0;0;0;0;0;1;0
"sec";0;0;3;2;0;0;0;0;0;0;0;0
"segle";0;0;0;0;0;0;0;0;0;0;0;1
"segre";0;0;0;0;0;0;0;0;0;0;0;1
"segues";0;0;0;0;0;0;0;0;0;1;0;0
"segurs";0;1;0;0;0;0;0;0;0;0;0;0
"seignen";0;0;0;0;0;0;0;1;0;0;0;0
"seigner";0;0;0;0;1;2;0;0;1;2;0;0
"seignor";2;0;0;0;0;0;0;0;0;3;0;0
"seignoria";0;0;0;0;0;0;0;0;0;0;1;0
"seignorius";0;0;0;0;0;1;0;0;0;0;0;0
"seignors";0;0;0;0;1;1;0;0;1;0;0;0
"sella";0;0;0;0;0;0;1;0;0;0;0;0
"sembla";0;0;1;0;0;1;0;0;0;0;0;0
"semblan";0;0;0;1;0;0;1;0;1;1;1;0
"semblansa";0;0;0;0;0;0;0;0;0;0;0;1
"semblanssa";0;0;0;0;0;0;0;0;0;1;0;0
"semblant";0;0;1;0;0;0;0;0;0;0;0;0
"sen";1;0;0;0;1;1;0;0;0;1;1;3
"senanses";0;0;0;0;0;1;0;0;0;0;0;0
"senbleran";0;0;0;0;0;0;0;0;0;1;0;0
"senes";0;0;0;0;0;0;0;0;0;1;0;1
"sens";0;0;1;0;0;1;0;0;0;0;1;0
"sent";0;0;0;0;0;0;0;2;0;0;0;0
"senta";0;0;0;0;0;0;0;0;0;0;1;0
"sentiers";0;0;0;0;0;0;0;0;0;0;1;0
"sera";0;0;0;0;1;0;0;0;0;1;0;0
"serai";0;2;0;0;0;0;0;0;0;0;1;0
"seran";0;1;0;0;0;0;0;0;0;0;0;0
"seretz";0;0;0;0;3;0;0;0;0;0;0;0
"seria";0;0;0;0;0;0;0;0;0;0;0;1
"serion";0;0;0;0;0;0;0;0;1;0;0;0
"sers";0;0;0;1;0;0;0;1;0;0;0;0
"sertz";0;0;0;0;0;0;0;0;0;0;1;0
"seru";0;0;0;0;0;0;0;1;0;2;0;0
"seruidor";0;0;0;0;0;0;0;0;0;2;0;0
"seruir";0;0;0;0;0;0;0;1;0;2;1;1
"seruire";0;0;0;0;0;0;0;0;0;1;0;0
"seruirs";0;0;0;0;0;0;0;0;0;1;0;0
"seruit";0;0;0;0;0;0;0;0;0;1;0;0
"seruizi";1;0;0;0;0;0;0;0;0;0;0;0
"ses";0;0;3;2;1;1;0;2;2;4;1;1
"sesduis";0;0;0;0;1;0;0;0;0;0;0;0
"sesparec";0;0;0;1;0;0;0;0;0;0;0;0
"sesperta";0;0;1;0;0;0;0;0;0;0;0;0
"setz";0;0;0;1;0;0;0;0;0;0;0;0
"si";0;0;0;6;6;3;5;1;3;7;2;1
"sia";0;1;0;0;2;1;0;0;1;0;3;1
"siaz";0;0;0;0;1;0;0;0;0;0;0;0
"sideuos";0;0;0;0;0;0;0;0;1;0;0;0
"siei";0;0;0;0;0;0;0;0;1;0;0;0
"sien";0;0;0;0;0;0;0;1;0;0;0;0
"sieu";1;0;0;0;0;2;3;0;0;2;4;1
"sieus";0;0;0;0;1;0;1;1;0;0;0;0
"sii";0;0;0;0;0;0;1;0;0;0;0;0
"sil";0;1;0;0;0;1;3;0;0;0;0;0
"sim";0;0;0;0;1;0;1;0;0;0;3;0
"simet";0;0;0;0;1;0;0;0;0;0;0;0
"sin";0;0;0;0;0;0;1;0;0;0;0;0
"sino";0;0;0;0;0;0;0;0;0;1;0;0
"sion";0;1;1;0;0;0;0;0;0;0;0;0
"sis";0;0;0;0;0;2;0;0;0;0;0;1
"sit";0;0;0;1;0;0;0;0;0;0;0;0
"siuals";0;0;0;0;0;0;0;0;1;0;0;0
"siuos";0;0;0;0;0;0;0;0;1;0;0;0
"snffrenssa";0;0;0;0;0;0;0;0;1;0;0;0
"so";0;2;1;3;2;0;3;2;0;1;3;1
"soanat";0;0;0;0;0;0;0;1;0;0;0;0
"sobramars";0;0;0;1;0;0;0;0;0;0;0;0
"sobre";0;0;0;0;0;1;0;0;0;0;0;0
"sobregabars";0;0;0;1;0;0;0;0;0;0;0;0
"sobreira";0;0;0;0;0;0;0;0;0;0;0;1
"sobrel";0;0;0;0;0;0;0;0;0;0;0;1
"sobretotz";0;0;0;0;1;0;0;0;0;0;0;0
"sobriers";0;0;0;0;0;2;0;0;0;0;0;0
"socors";0;0;0;0;1;1;0;0;0;0;0;0
"sofers";0;0;0;1;0;0;0;0;0;0;0;0
"sofert";0;0;0;0;0;1;0;0;0;0;0;0
"soffren";1;0;1;0;0;0;0;0;0;0;0;0
"sofraing";0;0;0;0;0;0;0;1;0;0;0;0
"sofrir";0;0;0;0;0;0;0;1;0;0;0;0
"sol";0;0;0;0;0;1;0;0;0;0;2;0
"solatz";0;1;0;0;1;1;0;0;0;0;0;0
"solia";0;0;0;0;0;0;0;0;0;0;0;1
"som";0;0;0;0;0;0;0;0;0;1;0;0
"somos";0;0;0;0;0;1;0;0;0;0;0;0
"son";4;0;4;0;0;2;1;6;2;4;2;1
"sonret";0;0;0;0;1;0;0;0;0;0;0;0
"sont";0;0;0;0;0;0;0;0;0;0;0;1
"sordeia";0;0;0;0;0;0;0;0;0;1;0;0
"sordeiar";0;0;1;0;0;0;0;0;0;0;0;0
"sordeior";0;1;0;0;0;0;0;0;0;0;0;0
"sordeiors";0;0;0;0;0;1;0;0;0;0;0;0
"sors";0;0;0;0;1;0;0;0;0;0;0;0
"sortz";0;0;0;0;1;0;0;0;0;0;1;0
"sos";0;0;0;0;0;1;0;1;0;1;3;2
"sospeissos";0;0;0;0;0;1;0;0;0;0;0;0
"sospir";0;0;0;0;0;0;0;0;1;0;0;0
"souen";0;0;0;0;0;0;0;1;0;0;0;0
"souent";0;0;0;0;0;0;0;0;0;0;0;1
"sui";1;6;0;2;2;3;1;1;1;0;2;0
"taigneria";0;0;0;0;0;0;0;0;1;0;0;0
"taignia";0;0;0;0;0;0;0;0;0;0;0;1
"taing";0;0;0;0;0;3;0;0;0;3;0;2
"taiug";0;0;0;0;0;0;0;0;0;1;0;0
"tal";0;1;0;1;0;1;0;0;0;0;2;0
"talan";0;0;0;0;0;0;1;1;0;1;1;0
"talans";0;0;0;0;0;0;0;0;0;0;0;1
"talenta";0;0;0;0;0;0;0;0;0;0;1;0
"tals";0;0;0;0;0;0;0;0;0;0;1;1
"tan";0;0;0;1;0;0;0;0;0;0;2;0
"tant";2;0;1;5;3;3;3;2;2;3;9;4
"tantas";0;0;0;1;0;0;0;0;0;0;0;0
"tastar";1;0;0;0;0;0;0;0;0;0;0;0
"teigna";0;0;0;0;0;0;0;0;1;0;0;0
"tem";0;1;0;0;0;0;0;0;0;0;1;0
"temps";1;1;1;0;3;1;1;1;0;0;0;0
"ten";1;0;0;2;0;0;0;1;1;1;0;0
"tenc";0;0;1;0;0;0;0;1;0;0;0;0
"tene";0;1;0;0;0;0;0;0;0;0;0;0
"tenens";0;0;0;0;1;0;0;0;0;0;0;0
"tener";0;0;1;0;0;0;0;0;0;0;0;1
"tenga";0;0;0;1;0;0;0;0;0;0;0;0
"tengues";0;0;0;0;0;0;1;0;0;0;0;1
"tenial";0;0;0;1;0;0;0;0;0;0;0;0
"tenon";1;0;0;0;0;0;0;0;0;0;0;0
"tenrai";0;1;0;0;0;0;0;0;0;0;0;0
"tenssos";0;0;0;0;0;1;0;0;0;0;0;0
"tenuai";0;0;0;0;0;0;0;0;0;0;1;0
"tenx";0;0;0;0;0;0;0;0;0;0;1;0
"terra";0;1;0;1;0;0;0;0;0;0;0;0
"tes";0;0;0;0;1;0;0;0;0;0;0;0
"ti";0;0;0;1;0;0;0;0;0;0;0;0
"tiran";0;0;0;0;0;0;1;0;0;0;0;0
"tol";0;0;0;0;1;1;0;0;0;0;0;0
"tolgues";0;0;0;0;0;0;1;0;0;0;0;0
"tollafan";0;0;0;0;1;0;0;0;0;0;0;0
"tor";0;0;0;0;1;0;0;0;0;0;0;0
"tormenta";0;0;0;0;0;0;0;0;0;0;1;0
"torna";0;0;1;0;0;0;0;0;0;0;0;0
"tornat";1;0;1;0;0;0;0;0;0;0;0;0
"tornatz";1;0;0;0;0;0;0;0;0;0;0;0
"tornei";0;0;0;0;1;0;0;0;0;0;0;0
"tort";0;0;0;1;1;0;0;0;0;0;0;0
"tortz";0;0;0;0;2;0;0;0;0;0;0;0
"tot";0;1;2;1;1;1;1;2;0;2;1;1
"tota";0;0;0;0;0;0;0;0;0;1;0;0
"totz";0;1;0;0;0;2;0;0;0;1;2;1
"trac";0;0;0;0;0;0;0;0;0;0;1;0
"trafana";0;0;0;0;0;1;0;0;0;0;0;0
"trahitz";0;1;0;0;0;0;0;0;0;0;0;0
"traic";0;0;0;0;0;0;0;0;0;1;0;0
"traich";0;0;0;0;0;0;1;0;0;0;0;0
"trair";0;0;1;0;0;0;0;0;0;0;0;0
"trais";0;0;0;0;1;0;0;0;0;0;0;0
"trait";0;0;0;1;0;0;0;0;0;0;0;0
"trameses";0;0;0;0;0;0;0;0;1;0;0;0
"trauers";0;0;0;1;0;0;0;0;0;0;0;0
"trebail";0;0;0;0;0;0;0;0;0;0;1;0
"trebaills";0;0;0;0;0;1;0;0;0;0;0;0
"trenta";0;0;0;0;0;0;0;0;0;0;1;0
"tres";0;0;0;0;0;0;0;0;1;0;0;0
"trespas";0;0;0;0;0;1;0;0;0;0;0;0
"treus";0;0;0;0;1;0;0;0;0;0;0;0
"tria";0;0;0;0;0;0;0;0;0;0;1;0
"triar";0;0;0;0;0;1;0;0;0;0;1;0
"tric";0;0;0;0;0;0;0;0;0;0;0;1
"tricha";0;0;0;1;0;0;0;0;0;0;0;0
"trichadors";0;0;0;0;0;1;0;0;0;0;0;0
"tro";0;0;0;2;0;0;1;0;0;0;1;0
"trob";0;0;0;0;0;0;0;0;0;0;1;0
"troba";0;0;0;0;0;0;0;0;0;1;0;0
"trobar";0;3;0;0;0;0;0;0;2;0;0;0
"trobaras";0;0;0;1;0;0;0;0;0;0;0;0
"trobars";0;0;0;1;0;0;0;0;0;0;0;0
"trobat";0;0;0;0;0;0;0;0;0;0;0;1
"trobes";0;0;0;0;0;1;0;0;0;1;0;0
"trobetz";0;0;0;0;0;0;1;0;0;0;0;0
"trop";0;0;0;0;0;1;0;0;0;1;4;0
"tu";0;0;0;2;0;0;0;0;0;0;0;0
"tuich";0;0;0;0;0;0;0;0;1;1;0;0
"tuoil";0;0;0;0;1;0;0;0;0;0;0;0
"turbadeia";0;0;0;0;0;0;0;0;0;1;0;0
"turc";1;0;0;0;0;0;0;0;0;0;0;0
"turmen";1;0;0;0;0;0;0;0;0;0;0;0
"uai";0;0;0;1;0;0;0;1;1;0;2;0
"uaill";0;0;0;0;0;0;1;0;0;0;0;0
"uailla";0;0;0;0;0;0;1;0;0;0;0;0
"ual";0;0;0;0;1;1;1;0;0;1;0;1
"ualen";0;0;0;0;0;0;0;1;1;0;0;0
"ualens";0;0;0;1;0;0;0;0;0;0;0;0
"ualenssa";0;0;0;0;0;0;0;0;1;0;0;0
"ualer";0;0;0;0;0;0;0;1;0;0;0;4
"ualgra";0;0;0;1;0;0;0;0;0;0;0;0
"ualgues";0;0;0;0;0;1;0;0;0;0;1;0
"ualgut";0;0;0;0;0;0;2;0;0;0;0;0
"ualia";0;0;0;0;0;0;2;0;0;0;0;0
"ualor";1;0;0;0;0;0;0;0;0;0;0;0
"ualors";0;0;0;0;0;2;0;0;0;0;1;0
"ualram";0;0;0;1;0;0;0;0;0;0;0;0
"ualran";0;0;0;1;0;0;0;0;0;0;0;0
"ualrial";0;0;0;0;0;0;1;0;0;0;0;0
"uan";1;0;0;0;0;0;0;0;0;0;0;0
"uas";0;1;0;0;1;0;1;0;1;1;2;0
"uau";0;0;0;0;0;0;0;0;0;0;1;0
"uauc";1;0;0;1;0;0;0;0;0;0;1;0
"uberta";0;0;1;0;0;0;0;0;0;0;0;0
"ue";0;0;1;0;0;0;0;0;0;0;0;0
"uei";0;0;2;0;2;1;0;0;0;0;0;0
"ueia";0;0;0;0;0;0;0;0;0;1;0;0
"ueiam";0;0;1;0;0;0;0;0;0;0;0;0
"ueir";0;0;0;0;0;0;0;1;0;0;0;0
"uen";1;0;0;0;0;0;0;0;1;0;0;1
"uenal";0;0;0;0;0;0;0;0;0;0;0;1
"uencut";0;0;0;0;0;0;1;0;0;0;0;0
"uengues";0;0;0;0;0;0;1;0;0;0;0;0
"uenir";0;0;0;0;0;0;0;1;0;0;0;0
"uenssa";0;0;0;0;0;0;0;0;1;0;0;0
"uerais";0;0;0;0;1;2;0;0;0;0;0;0
"uerdor";1;0;0;0;0;0;0;0;0;0;0;0
"uergans";0;0;0;0;1;0;0;0;0;0;0;0
"uergoigna";0;0;0;0;1;0;0;0;0;0;0;0
"uermeil";1;0;0;0;0;0;0;0;0;0;0;0
"uers";1;0;2;2;0;0;0;0;0;0;1;0
"uert";1;0;8;0;0;0;0;0;0;0;0;0
"uertadiers";0;0;0;0;0;0;0;0;0;0;1;0
"uertatz";0;0;0;0;1;0;1;0;0;0;0;0
"ues";0;1;1;1;0;0;0;0;0;0;0;0
"uetz";0;1;0;1;0;1;0;0;0;0;0;1
"uezem";0;0;1;0;0;0;0;0;0;0;0;0
"uezer";0;0;0;0;0;0;0;0;1;0;0;1
"ui";0;0;1;0;0;0;0;0;0;0;1;2
"uia";0;0;0;0;0;0;0;0;0;0;0;1
"uidal";0;0;0;0;0;0;0;0;0;0;0;1
"uil";1;0;0;0;0;0;0;0;0;0;0;0
"uils";0;0;0;0;0;2;0;0;0;0;0;0
"uim";0;0;1;0;0;0;0;0;0;0;0;0
"uir";0;0;0;0;1;0;0;0;0;0;0;0
"uis";0;0;0;0;0;0;0;0;0;0;1;0
"uista";0;0;0;0;1;0;0;0;0;0;0;0
"uiurai";0;0;0;0;0;0;0;0;4;0;0;0
"uius";0;0;0;0;1;0;0;0;0;0;0;0
"un";0;0;2;1;0;0;1;1;1;1;3;0
"una";0;0;0;1;1;0;0;1;0;0;0;0
"uoi";0;1;0;0;0;0;0;0;0;0;0;0
"uol";0;0;1;0;1;0;1;3;0;0;0;2
"uoler";0;0;0;0;0;0;1;0;1;1;0;1
"uoletz";0;0;0;0;0;0;0;0;1;0;0;0
"uolgra";0;0;0;0;1;0;1;0;0;0;0;0
"uolgues";0;0;0;0;0;0;1;0;0;0;0;0
"uolgut";0;0;0;0;0;0;1;1;0;0;0;0
"uolia";0;0;0;0;0;0;1;0;0;0;0;0
"uolon";0;0;1;0;0;0;0;0;0;0;0;0
"uolontiers";0;0;0;0;0;0;0;0;0;0;1;0
"uolpillos";0;1;0;0;0;0;0;0;0;0;0;0
"uolra";0;0;0;0;0;0;0;1;0;0;0;0
"uolria";0;0;0;0;0;0;0;0;0;0;0;1
"uolua";0;0;0;0;0;1;0;0;0;0;0;0
"uos";0;0;0;0;0;0;1;0;8;0;0;3
"uostra";0;0;0;0;0;0;0;0;1;0;0;0
"uostramors";0;0;0;0;0;0;0;0;1;0;0;0
"uostre";0;0;0;0;0;0;1;0;1;0;1;1
"us";0;0;0;1;6;0;0;0;0;0;0;0
"uuoill";0;0;1;0;0;1;0;1;0;0;0;2
"vas";0;1;0;1;0;1;0;0;0;0;0;0
"vers";0;0;0;0;1;0;0;0;0;0;0;0
"vilans";1;0;0;0;0;0;0;0;0;0;0;0
"vol";0;0;1;0;0;0;0;0;0;0;0;0
"volgra";0;0;0;1;0;0;0;0;0;0;0;0
"voluen";0;0;0;1;0;0;0;0;0;0;0;0
